bg_contrast,edge_density,file,focus_var,fov_area_px,mean_intensity,texture_energy,texture_occupancy
11.73,0.016,IMG_4801.jpg,8.3,305777,197.4,5.19,0.1109
9.0,0.01,IMG_4802.jpg,8.1,303809,179.1,4.259,0.075
9.28,0.0088,IMG_4803.jpg,8.1,305777,194.2,4.142,0.0874
10.22,0.006,IMG_4804.jpg,13.2,311709,174.6,4.4,0.1161
7.58,0.003,IMG_4805.jpg,7.9,305777,177.5,3.647,0.0797
8.9,0.0038,IMG_4806.jpg,7.8,307713,157.5,4.041,0.0952
7.22,0.0035,IMG_4807.jpg,7.7,307713,196.6,3.309,0.0344
7.14,0.0051,IMG_4808.jpg,8.2,305777,177.9,3.544,0.0478
7.16,0.0043,IMG_4809.jpg,8.2,305777,178.2,3.463,0.037
6.26,0.0029,IMG_4810.jpg,8.1,305777,178.0,3.23,0.0499
8.91,0.0015,IMG_4811.jpg,8.0,309681,157.7,3.889,0.0837
13.37,0.0309,IMG_4812.jpg,8.7,305777,176.2,6.713,0.1982
14.82,0.0297,IMG_4813.jpg,8.9,309681,178.5,7.08,0.186
14.71,0.0332,IMG_4814.jpg,8.6,305777,176.1,7.595,0.2384
14.58,0.0183,IMG_4815.jpg,8.2,307713,178.4,7.134,0.2317
14.26,0.0259,IMG_4816.jpg,8.8,307713,178.8,6.864,0.1932
16.01,0.0374,IMG_4817.jpg,9.7,307713,188.0,8.161,0.2303
16.89,0.0295,IMG_4818.jpg,8.6,305777,178.2,8.436,0.2769
13.21,0.0224,IMG_4820.jpg,8.7,307713,181.5,6.073,0.1487
12.97,0.0105,IMG_4821.jpg,8.1,307713,179.3,5.957,0.1692
12.75,0.0119,IMG_4822.jpg,8.2,307713,180.0,5.94,0.1635
12.37,0.0223,IMG_4823.jpg,8.6,307713,180.3,6.156,0.181
11.99,0.0187,IMG_4824.jpg,8.2,307713,190.1,5.689,0.1555
15.69,0.0319,IMG_4825.jpg,9.3,309681,187.5,7.644,0.2054
17.16,0.0297,IMG_4826.jpg,8.7,307713,157.8,8.159,0.2681
18.89,0.0292,IMG_4827.jpg,13.9,313677,169.2,8.904,0.2649
21.08,0.0327,IMG_4828.jpg,14.1,313677,169.2,10.15,0.2939
17.31,0.0353,IMG_4829.jpg,9.5,307713,183.8,8.619,0.2609
16.23,0.028,IMG_4830.jpg,8.7,307713,184.5,7.964,0.2286
18.88,0.0287,IMG_4831.jpg,13.5,315653,170.2,8.981,0.2421
19.48,0.0483,IMG_4832.jpg,9.8,307713,187.3,10.249,0.3097
17.35,0.0407,IMG_4833.jpg,9.9,307713,188.7,8.809,0.248
18.1,0.0414,IMG_4834.jpg,9.4,307713,187.1,9.208,0.2675
20.85,0.0428,IMG_4835.jpg,14.7,313677,170.2,10.448,0.3086
24.03,0.0638,IMG_4836.jpg,15.4,313677,167.2,13.5,0.4171
19.15,0.0472,IMG_4837.jpg,9.5,307713,185.2,10.117,0.3098
11.44,0.0063,IMG_4838.jpg,7.9,307713,188.7,5.016,0.1369
15.04,0.0228,IMG_4839.jpg,8.7,307713,190.7,6.554,0.1551
11.94,0.019,IMG_4840.jpg,9.0,307713,182.2,5.452,0.1274
11.79,0.017,IMG_4841.jpg,8.4,305777,180.3,5.565,0.1304
10.04,0.0045,IMG_4842.jpg,8.1,305777,183.0,4.452,0.1066
9.06,0.0081,IMG_4843.jpg,2.2,305777,182.1,4.276,0.0973
9.81,0.0117,IMG_4844.jpg,8.3,305777,182.4,4.582,0.0934
10.16,0.0091,IMG_4845.jpg,8.0,305777,181.2,4.828,0.1066
10.45,0.0098,IMG_4846.jpg,8.3,305777,181.7,4.827,0.1081
8.54,0.0012,IMG_4847.jpg,7.9,305777,182.1,3.878,0.0785
10.83,0.0084,IMG_4848.jpg,8.2,307713,196.4,4.276,0.0729
11.49,0.013,IMG_4849.jpg,8.3,305777,179.6,5.154,0.122
13.71,0.0196,IMG_4850.jpg,8.7,305777,178.6,6.186,0.1589
13.82,0.0166,IMG_4851.jpg,8.3,307713,190.0,5.717,0.1239
13.89,0.0137,IMG_4852.jpg,8.1,305777,179.1,5.792,0.142
14.0,0.0199,IMG_4853.jpg,8.3,305777,179.7,5.868,0.145
11.69,0.0111,IMG_4854.jpg,7.8,307713,190.3,5.012,0.1093
10.65,0.0118,IMG_4855.jpg,7.7,307713,190.4,4.637,0.0933
12.08,0.0144,IMG_4856.jpg,8.8,307713,183.3,5.329,0.1183
10.41,0.0109,IMG_4858.jpg,8.3,303809,178.1,4.614,0.087
20.83,0.042,IMG_4859.jpg,9.1,305777,187.2,8.816,0.2802
23.81,0.0581,IMG_4860.jpg,10.2,303809,184.9,11.058,0.3782
17.45,0.0297,IMG_4861.jpg,9.1,303809,179.2,7.429,0.2513
15.64,0.0208,IMG_4862.jpg,8.8,303809,180.9,6.459,0.1716
20.03,0.0442,IMG_4863.jpg,9.5,305777,189.8,9.136,0.2899
19.45,0.0314,IMG_4864.jpg,9.1,303809,178.0,8.328,0.2702
19.76,0.0327,IMG_4865.jpg,8.7,305777,191.1,7.901,0.2332
17.79,0.0277,IMG_4866.jpg,9.2,305777,193.5,6.954,0.2054
26.12,0.0623,IMG_4867.jpg,10.1,309681,144.0,15.936,0.3844
35.29,0.0648,IMG_4868.jpg,11.1,309681,166.3,16.123,0.4961
25.77,0.0351,IMG_4869.jpg,12.5,311709,176.3,10.332,0.3135
11.04,0.0154,IMG_4870.jpg,8.4,305777,194.8,4.941,0.1159
8.42,0.004,IMG_4871.jpg,7.9,305777,179.6,3.996,0.084
7.87,0.0026,IMG_4872.jpg,7.6,305777,179.2,3.73,0.0751
10.46,0.0144,IMG_4873.jpg,8.5,303809,180.0,4.83,0.1042
10.65,0.0147,IMG_4874.jpg,8.3,305777,179.5,5.114,0.1216
12.74,0.0163,IMG_4875.jpg,7.5,303809,177.0,5.838,0.1644
11.95,0.0163,IMG_4876.jpg,8.1,307713,190.7,5.504,0.1312
10.36,0.0159,IMG_4877.jpg,2.5,305777,180.2,4.913,0.1123
8.47,0.0081,IMG_4878.jpg,8.2,305777,180.7,4.225,0.079
10.56,0.0167,IMG_4879.jpg,8.2,305777,193.1,5.02,0.1204
9.2,0.0123,IMG_4880.jpg,8.0,303809,179.5,4.453,0.0879
12.66,0.0064,IMG_4881.jpg,13.9,313677,175.6,5.158,0.1388
13.45,0.0165,IMG_4882.jpg,8.8,303809,179.9,5.853,0.1557
13.91,0.0116,IMG_4883.jpg,7.9,307713,159.2,6.103,0.1774
17.66,0.0342,IMG_4884.jpg,9.1,305777,188.1,8.044,0.2394
17.9,0.0327,IMG_4885.jpg,9.6,307713,194.4,8.05,0.2289
14.94,0.024,IMG_4886.jpg,9.2,305777,196.5,6.662,0.173
14.26,0.0179,IMG_4887.jpg,8.8,307713,197.1,5.921,0.1532
20.28,0.0466,IMG_4888.jpg,10.8,307713,192.4,9.57,0.2857
16.76,0.0299,IMG_4889.jpg,9.1,307713,196.1,6.88,0.186
13.52,0.0194,IMG_4890.jpg,9.1,307713,198.1,5.733,0.1299
15.37,0.027,IMG_4891.jpg,9.5,307713,194.9,6.732,0.1772
17.06,0.0287,IMG_4892.jpg,9.8,307713,197.6,7.287,0.1834
11.34,0.0127,IMG_4893.jpg,8.8,305777,199.9,4.534,0.0886
12.84,0.0171,IMG_4894.jpg,8.9,307713,197.7,5.19,0.1168
11.95,0.015,IMG_4895.jpg,9.0,307713,197.9,4.909,0.1037
15.48,0.027,IMG_4896.jpg,9.7,307713,196.5,6.653,0.1688
15.39,0.0317,IMG_4897.jpg,9.5,307713,194.3,7.153,0.1949
14.97,0.0208,IMG_4898.jpg,8.7,307713,193.5,6.548,0.1853
13.78,0.022,IMG_4899.jpg,8.8,305777,181.1,6.315,0.1693
14.2,0.0167,IMG_4900.jpg,8.3,303809,181.1,6.225,0.1696
16.22,0.0329,IMG_4901.jpg,9.3,305777,194.0,7.424,0.208
11.72,0.0173,IMG_4902.jpg,8.0,305777,196.5,5.131,0.1239
13.88,0.0214,IMG_4903.jpg,9.0,305777,194.2,6.036,0.1435
15.59,0.0253,IMG_4904.jpg,8.8,307713,193.4,6.661,0.1784
13.93,0.0261,IMG_4905.jpg,8.9,307713,193.4,6.296,0.1707
12.49,0.0162,IMG_4906.jpg,8.5,307713,193.9,5.627,0.1397
15.51,0.0253,IMG_4907.jpg,8.5,307713,193.0,6.728,0.1736
10.37,0.0094,IMG_4908.jpg,8.1,307713,195.4,4.525,0.0976
12.28,0.0163,IMG_4909.jpg,9.1,307713,188.9,5.41,0.1285
10.53,0.0127,IMG_4910.jpg,8.7,307713,193.3,4.664,0.0904
11.8,0.0154,IMG_4911.jpg,9.2,307713,190.9,5.297,0.1164
13.24,0.0195,IMG_4912.jpg,8.6,307713,187.2,5.967,0.136
15.13,0.0282,IMG_4913.jpg,8.8,307713,186.4,7.089,0.1895
11.21,0.0112,IMG_4914.jpg,8.0,305777,188.7,4.891,0.1057
12.94,0.0158,IMG_4915.jpg,8.1,305777,187.5,5.823,0.1416
8.39,0.0032,IMG_4916.jpg,7.7,305777,190.1,3.671,0.0638
11.59,0.0094,IMG_4917.jpg,8.2,305777,190.1,4.413,0.0969
10.86,0.0124,IMG_4918.jpg,8.2,305777,191.6,4.656,0.0855
11.58,0.0076,IMG_4919.jpg,7.8,307713,190.4,4.834,0.118
8.12,0.0059,IMG_4920.jpg,7.8,305777,188.2,3.697,0.0517
8.64,0.0031,IMG_4921.jpg,7.8,305777,192.1,3.843,0.0808
10.98,0.0086,IMG_4922.jpg,8.2,307713,190.5,4.611,0.0925
8.0,0.002,IMG_4923.jpg,7.7,305777,192.3,3.567,0.0641
11.24,0.0047,IMG_4924.jpg,13.8,313677,176.7,4.424,0.0954
8.33,0.0047,IMG_4925.jpg,7.6,305777,192.7,3.679,0.0559
8.37,0.0059,IMG_4926.jpg,7.8,307713,192.1,3.826,0.0585
8.72,0.0052,IMG_4927.jpg,7.7,305777,192.7,3.823,0.06
9.23,0.0054,IMG_4928.jpg,7.9,305777,190.3,4.096,0.0808
9.12,0.0034,IMG_4929.jpg,7.7,305777,192.1,3.975,0.0804
10.69,0.0069,IMG_4930.jpg,8.0,305777,190.8,4.655,0.1024
13.85,0.0229,IMG_4931.jpg,8.7,307713,190.3,6.136,0.1462
24.83,0.0517,IMG_4932.jpg,13.6,313677,170.3,12.047,0.3843
25.36,0.0623,IMG_4933.jpg,11.6,309681,186.2,13.49,0.4225
27.73,0.0696,IMG_4934.jpg,14.4,313677,170.1,14.048,0.447
23.92,0.0394,IMG_4935.jpg,13.5,313677,173.3,11.081,0.3353
21.4,0.0475,IMG_4936.jpg,10.3,307713,189.8,9.952,0.3096
22.0,0.043,IMG_4937.jpg,9.4,309681,187.8,10.7,0.3554
25.19,0.0326,IMG_4938.jpg,13.8,313677,174.3,11.418,0.3396
25.35,0.0416,IMG_4939.jpg,13.9,313677,172.7,12.138,0.3419
20.2,0.0377,IMG_4940.jpg,9.2,309681,188.6,9.935,0.3231
25.36,0.045,IMG_4942.jpg,12.8,313677,171.4,12.214,0.3818
24.28,0.0325,IMG_4943.jpg,12.9,313677,171.9,11.42,0.3383
19.94,0.0424,IMG_4944.jpg,10.5,307713,191.9,9.376,0.2794
18.48,0.0353,IMG_4945.jpg,9.6,307713,190.8,8.455,0.2738
18.86,0.0393,IMG_4946.jpg,9.6,307713,188.4,8.476,0.2826
18.58,0.0405,IMG_4947.jpg,10.3,307713,190.8,8.686,0.2578
19.55,0.0314,IMG_4948.jpg,9.4,307713,189.9,8.378,0.2708
17.59,0.0263,IMG_4949.jpg,9.1,309681,190.3,7.636,0.2201
16.87,0.0313,IMG_4950.jpg,9.3,307713,191.2,7.339,0.2267
19.84,0.0441,IMG_4951.jpg,10.3,307713,189.5,9.312,0.2959
15.43,0.0199,IMG_4952.jpg,9.2,307713,190.9,6.812,0.1762
19.88,0.0405,IMG_4953.jpg,9.9,307713,189.2,9.333,0.2683
16.51,0.0184,IMG_4954.jpg,8.9,309681,191.0,7.395,0.2206
20.04,0.0466,IMG_4955.jpg,9.8,307713,186.7,9.827,0.296
22.26,0.037,IMG_4956.jpg,15.3,313677,177.2,9.301,0.272
16.05,0.0208,IMG_4957.jpg,8.8,309681,187.9,7.123,0.2105
13.65,0.0209,IMG_4958.jpg,9.1,307713,191.8,6.268,0.1675
17.71,0.0386,IMG_4959.jpg,9.9,309681,187.4,9.004,0.27
11.04,0.0145,IMG_4960.jpg,8.7,305777,183.8,5.045,0.1018
14.5,0.0095,IMG_4961.jpg,9.3,307713,160.6,5.531,0.1608
14.18,0.021,IMG_4962.jpg,9.1,305777,181.0,6.061,0.1517
19.68,0.038,IMG_4963.jpg,9.8,307713,189.6,8.725,0.2584
19.41,0.0429,IMG_4964.jpg,10.6,307713,191.1,9.322,0.2578
19.54,0.0405,IMG_4965.jpg,9.7,307713,189.5,9.064,0.2683
19.95,0.0367,IMG_4966.jpg,9.9,307713,190.1,8.719,0.2603
19.31,0.0485,IMG_4967.jpg,10.5,307713,188.7,9.983,0.2979
20.34,0.0523,IMG_4968.jpg,11.0,307713,188.3,10.621,0.317
12.89,0.0104,IMG_4969.jpg,8.1,307713,196.4,5.377,0.1627
10.73,0.0123,IMG_4970.jpg,9.1,307713,198.1,4.661,0.0869
11.0,0.0123,IMG_4972.jpg,9.2,307713,196.0,4.699,0.0897
11.43,0.0146,IMG_4973.jpg,8.5,307713,196.0,4.815,0.0992
12.37,0.0186,IMG_4974.jpg,8.8,305777,184.1,5.664,0.1374
16.75,0.0312,IMG_4975.jpg,8.8,307713,193.1,7.664,0.201
16.92,0.0403,IMG_4976.jpg,9.7,307713,193.7,8.43,0.2521
14.39,0.0289,IMG_4977.jpg,9.4,305777,183.4,6.833,0.1788
13.59,0.0054,IMG_4978.jpg,8.5,307713,161.5,5.879,0.1559
12.46,0.0113,IMG_4979.jpg,7.9,307713,195.9,5.347,0.1251
14.5,0.0253,IMG_4980.jpg,8.7,307713,195.3,6.697,0.1678
12.43,0.0183,IMG_4981.jpg,8.8,307713,195.9,5.459,0.1201
14.21,0.0229,IMG_4983.jpg,12.7,530605,179.0,6.841,0.1744
12.43,0.0086,IMG_4984.jpg,17.9,548837,181.6,5.418,0.1683
13.32,0.0152,IMG_4985.jpg,18.3,548837,180.7,5.974,0.2031
15.15,0.0183,IMG_4986.jpg,18.1,548837,183.3,6.485,0.2129
21.48,0.0181,IMG_4987.jpg,14.5,551429,176.1,9.128,0.2925
34.78,0.0889,IMG_5070.jpg,97.8,602645,158.1,17.562,0.3426
32.46,0.0919,IMG_5071.jpg,39.5,578153,125.0,16.666,0.3556
32.88,0.093,IMG_5072.jpg,37.0,578153,117.1,16.935,0.3558
35.41,0.0971,IMG_5073.jpg,59.4,599857,134.9,18.273,0.3873
39.6,0.123,IMG_5074.jpg,47.6,570085,130.8,19.875,0.3799
35.64,0.1095,IMG_5075.jpg,64.1,597129,142.1,18.631,0.4118
38.68,0.0982,IMG_5076.jpg,56.6,597129,128.1,18.756,0.3673
39.34,0.129,IMG_5077.jpg,69.2,597129,139.2,22.722,0.4904
41.78,0.1114,IMG_5078.jpg,66.6,594457,147.4,20.517,0.3764
33.45,0.0829,IMG_5079.jpg,53.8,599857,132.6,16.959,0.3323
39.0,0.235,IMG_5080.jpg,390.5,608189,166.7,32.123,0.7003
40.71,0.2416,IMG_5081.jpg,519.1,608189,164.6,33.471,0.69
40.36,0.2438,IMG_5082.jpg,498.3,610937,164.4,33.708,0.6891
35.65,0.2381,IMG_5083.jpg,187.9,610937,162.3,29.617,0.5455
40.99,0.2538,IMG_5084.jpg,476.4,608189,163.8,34.685,0.6994
41.6,0.2454,IMG_5085.jpg,554.4,610937,163.7,34.357,0.6897
41.02,0.2376,IMG_5086.jpg,515.0,610937,163.8,33.315,0.6601
46.89,0.2529,IMG_5087.jpg,561.7,610937,168.8,38.798,0.7228
40.91,0.2489,IMG_5088.jpg,522.3,608189,162.6,34.175,0.6948
40.05,0.2429,IMG_5089.jpg,462.3,605381,163.6,33.224,0.7007
46.4,0.0039,IMG_5090.jpg,26.6,693417,63.7,4.066,0.0112
42.14,0.2498,IMG_5091.jpg,489.4,575449,162.1,35.041,0.7127
37.61,0.2085,IMG_5092.jpg,440.1,594457,161.9,29.35,0.6189
42.55,0.2345,IMG_5093.jpg,544.3,591665,165.0,34.194,0.6755
41.9,0.2216,IMG_5094.jpg,516.2,588973,166.0,33.057,0.6515
44.43,0.2362,IMG_5095.jpg,503.8,588973,165.0,35.973,0.7
40.14,0.1989,IMG_5096.jpg,466.1,591665,165.6,30.811,0.5928
39.65,0.2146,IMG_5097.jpg,477.9,594457,163.8,31.123,0.632
30.26,0.1899,IMG_5098.jpg,180.0,594457,159.9,23.083,0.5527
33.51,0.1735,IMG_5099.jpg,339.3,594457,165.4,24.698,0.5547
32.38,0.084,IMG_5100.jpg,52.1,588973,148.6,16.261,0.3523
39.01,0.1123,IMG_5101.jpg,69.2,594457,148.4,20.627,0.4194
39.33,0.1064,IMG_5102.jpg,61.3,591665,147.3,20.357,0.4082
39.8,0.1208,IMG_5103.jpg,68.3,588973,147.3,21.717,0.4517
38.08,0.1071,IMG_5104.jpg,65.7,591665,148.6,20.307,0.4303
32.95,0.087,IMG_5105.jpg,56.7,591665,145.7,16.681,0.3525
38.99,0.0951,IMG_5106.jpg,54.6,599857,151.8,18.429,0.3629
36.01,0.1039,IMG_5107.jpg,53.1,591665,137.5,19.51,0.4321
36.07,0.1018,IMG_5108.jpg,54.5,591665,137.5,19.483,0.4311
36.71,0.1095,IMG_5109.jpg,59.0,588973,140.7,20.137,0.4336
33.42,0.07,IMG_5110.jpg,28.8,543657,160.5,17.093,0.3502
36.78,0.0836,IMG_5111.jpg,45.5,599857,148.8,19.115,0.3894
35.43,0.0758,IMG_5112.jpg,52.9,602645,148.7,18.029,0.3757
41.95,0.0982,IMG_5113.jpg,68.4,586165,156.3,21.824,0.4223
42.59,0.0991,IMG_5114.jpg,54.1,602645,154.8,22.133,0.4308
39.22,0.0965,IMG_5115.jpg,66.8,599857,152.9,20.323,0.4106
27.72,0.0429,IMG_5116.jpg,52.2,602645,163.0,11.788,0.2159
28.51,0.0366,IMG_5117.jpg,48.1,599857,157.9,10.107,0.177
30.7,0.0609,IMG_5118.jpg,53.8,597129,158.2,14.669,0.2995
36.13,0.0866,IMG_5119.jpg,49.4,605381,152.3,19.179,0.4063
35.76,0.0547,IMG_5120.jpg,43.9,597129,156.6,14.352,0.2708
36.34,0.166,IMG_5121.jpg,453.3,597129,172.0,26.623,0.4956
29.79,0.1094,IMG_5122.jpg,272.7,594457,169.9,19.468,0.3379
33.6,0.1502,IMG_5123.jpg,379.7,605381,165.2,23.672,0.4498
35.24,0.2202,IMG_5124.jpg,230.5,591665,164.8,28.918,0.6404
37.58,0.215,IMG_5125.jpg,329.9,591665,165.0,30.161,0.6662
27.8,0.1343,IMG_5126.jpg,182.2,597129,166.6,19.917,0.4577
29.65,0.1466,IMG_5127.jpg,237.9,599857,165.6,21.516,0.4845
37.43,0.2218,IMG_5128.jpg,322.1,591665,166.3,30.413,0.6755
38.2,0.2231,IMG_5129.jpg,356.5,588973,167.2,31.334,0.6782
49.81,0.276,IMG_5130.jpg,494.5,591665,165.0,44.028,0.8013
50.41,0.2699,IMG_5131.jpg,835.5,586165,175.0,44.416,0.7839
38.38,0.2,IMG_5132.jpg,556.5,591665,171.8,30.936,0.6034
38.46,0.2002,IMG_5133.jpg,556.2,583485,173.2,31.014,0.6068
33.99,0.1725,IMG_5134.jpg,423.6,597129,171.0,26.326,0.5548
48.18,0.2363,IMG_5135.jpg,723.1,588973,173.0,40.728,0.718
51.2,0.2742,IMG_5136.jpg,728.9,588973,169.9,45.305,0.8162
50.34,0.2693,IMG_5137.jpg,518.9,586165,168.2,44.253,0.7989
47.85,0.2919,IMG_5138.jpg,539.4,594457,161.2,42.691,0.6991
49.45,0.2923,IMG_5139.jpg,514.8,583485,165.1,44.317,0.7433
49.88,0.2785,IMG_5140.jpg,773.2,588973,170.7,44.018,0.8047
41.09,0.21,IMG_5141.jpg,615.7,597129,171.5,33.224,0.6251
49.07,0.2745,IMG_5142.jpg,641.6,591665,166.1,42.35,0.7879
39.7,0.1005,IMG_5143.jpg,73.9,597129,152.7,21.743,0.4623
37.0,0.084,IMG_5144.jpg,50.2,599857,156.7,15.388,0.326
22.52,0.0354,IMG_5145.jpg,48.4,594457,155.8,9.995,0.1611
21.8,0.0302,IMG_5146.jpg,53.6,594457,161.2,9.257,0.1397
29.98,0.0582,IMG_5147.jpg,52.2,588973,149.7,13.194,0.233
26.08,0.0557,IMG_5148.jpg,44.5,586165,144.5,12.379,0.2452
32.35,0.0568,IMG_5149.jpg,45.1,586165,149.0,12.675,0.2395
27.4,0.0478,IMG_5150.jpg,50.4,583485,153.1,11.674,0.1919
22.01,0.0379,IMG_5151.jpg,45.4,586165,152.6,9.504,0.157
16.93,0.0206,IMG_5152.jpg,44.1,588973,157.1,6.807,0.0838
21.23,0.023,IMG_5153.jpg,33.7,591665,158.3,7.212,0.0877
49.31,0.1404,IMG_5154.jpg,28.6,497533,143.8,30.997,0.4517
46.79,0.1711,IMG_5155.jpg,70.3,594457,130.3,30.703,0.5331
47.41,0.1591,IMG_5156.jpg,63.2,591665,123.9,29.131,0.4244
44.91,0.1553,IMG_5157.jpg,31.0,487625,123.0,28.135,0.3788
43.75,0.1948,IMG_5158.jpg,53.8,487625,134.9,30.901,0.5831
42.85,0.1677,IMG_5159.jpg,59.8,580833,131.5,28.193,0.5592
44.61,0.1704,IMG_5160.jpg,69.9,588973,135.8,29.406,0.5266
45.1,0.1768,IMG_5161.jpg,74.2,594457,136.8,30.007,0.5445
50.44,0.2013,IMG_5162.jpg,81.8,588973,134.0,34.582,0.4351
49.47,0.2021,IMG_5163.jpg,83.6,588973,135.4,33.826,0.442
47.71,0.203,IMG_5164.jpg,86.8,594457,137.0,34.129,0.4625
47.49,0.2091,IMG_5165.jpg,97.9,580833,138.9,34.191,0.466
47.41,0.2039,IMG_5166.jpg,95.8,586165,137.4,34.315,0.4747
42.31,0.3089,IMG_5167.jpg,357.8,591665,155.4,38.787,0.5608
46.59,0.3234,IMG_5168.jpg,550.5,586165,153.8,43.965,0.5803
49.55,0.3355,IMG_5169.jpg,766.9,586165,155.8,46.622,0.6308
49.16,0.3339,IMG_5170.jpg,716.2,586165,153.0,46.701,0.5677
49.06,0.3312,IMG_5171.jpg,705.2,586165,152.9,46.479,0.5571
49.17,0.3196,IMG_5172.jpg,711.4,583485,156.6,44.927,0.7456
48.59,0.3337,IMG_5173.jpg,738.9,591665,153.8,44.628,0.6792
42.04,0.2975,IMG_5174.jpg,375.0,599857,153.8,37.309,0.6448
41.55,0.2582,IMG_5175.jpg,402.4,583485,159.7,35.233,0.7876
48.56,0.334,IMG_5176.jpg,710.4,580833,155.2,44.482,0.6678
47.25,0.333,IMG_5177.jpg,633.2,594457,156.6,42.896,0.6177
48.76,0.3303,IMG_5178.jpg,675.2,586165,155.8,44.198,0.6418
46.96,0.3342,IMG_5179.jpg,582.7,588973,155.2,42.964,0.5029
49.41,0.3502,IMG_5180.jpg,871.6,591665,159.2,46.984,0.59
49.52,0.334,IMG_5181.jpg,805.2,597129,159.3,46.651,0.6249
47.77,0.3313,IMG_5182.jpg,737.7,605381,157.2,44.842,0.6331
48.43,0.3474,IMG_5183.jpg,848.0,597129,159.6,45.58,0.6715
48.88,0.3441,IMG_5184.jpg,813.3,602645,160.0,46.082,0.6483
49.45,0.3273,IMG_5185.jpg,763.9,594457,159.5,45.83,0.6389
49.27,0.3271,IMG_5186.jpg,754.6,583485,159.5,46.042,0.5932
45.86,0.3092,IMG_5187.jpg,601.5,594457,158.3,41.76,0.6714
47.5,0.3132,IMG_5188.jpg,659.4,594457,161.6,43.825,0.6412
48.73,0.3135,IMG_5189.jpg,750.5,588973,160.5,44.743,0.7326
48.2,0.1824,IMG_5190.jpg,78.1,591665,136.2,32.634,0.5365
46.8,0.1941,IMG_5191.jpg,79.9,599857,145.3,33.403,0.5175
48.75,0.1994,IMG_5192.jpg,89.4,588973,143.1,34.884,0.4976
43.54,0.1639,IMG_5193.jpg,72.3,597129,143.6,28.555,0.5679
46.85,0.1885,IMG_5194.jpg,81.3,591665,142.1,32.86,0.5359
48.95,0.1886,IMG_5195.jpg,75.5,588973,141.3,32.654,0.479
46.47,0.1883,IMG_5196.jpg,79.8,591665,141.4,32.556,0.5252
50.92,0.1943,IMG_5197.jpg,87.9,588973,143.7,35.657,0.4921
46.94,0.1853,IMG_5198.jpg,78.8,588973,140.7,32.773,0.5347
45.49,0.1837,IMG_5199.jpg,80.4,594457,137.4,31.126,0.5465
47.56,0.1958,IMG_5200.jpg,81.8,597129,134.9,33.734,0.4845
49.29,0.2063,IMG_5201.jpg,91.9,597129,134.5,35.726,0.4859
40.65,0.0896,IMG_5202.jpg,56.6,586165,154.7,18.303,0.3254
41.62,0.0932,IMG_5203.jpg,54.2,578153,153.7,19.137,0.349
37.6,0.0865,IMG_5204.jpg,49.7,591665,155.4,15.777,0.3222
35.13,0.0683,IMG_5205.jpg,54.2,580833,157.1,14.181,0.2532
37.83,0.0744,IMG_5206.jpg,42.2,580833,155.5,15.946,0.2985
35.63,0.0731,IMG_5207.jpg,48.6,594457,154.2,14.637,0.2839
33.06,0.0552,IMG_5208.jpg,48.1,586165,157.0,12.946,0.2397
40.37,0.0942,IMG_5209.jpg,46.5,578153,151.3,18.371,0.3507
41.93,0.0906,IMG_5210.jpg,42.5,588973,149.6,18.856,0.3419
36.47,0.0718,IMG_5211.jpg,45.9,591665,154.0,16.145,0.2947
39.46,0.0966,IMG_5212.jpg,55.5,586165,152.2,19.715,0.3839
36.77,0.0931,IMG_5213.jpg,64.8,588973,153.6,17.786,0.3314
35.29,0.0786,IMG_5214.jpg,52.3,583485,154.7,17.012,0.3259
33.47,0.0786,IMG_5215.jpg,53.7,580833,154.6,16.349,0.3313
31.68,0.0769,IMG_5216.jpg,50.2,591665,150.2,16.043,0.3382
32.42,0.0662,IMG_5217.jpg,55.7,586165,159.9,14.834,0.269
32.07,0.078,IMG_5218.jpg,54.8,591665,155.7,16.101,0.3278
34.02,0.1526,IMG_5219.jpg,492.3,597129,172.5,24.777,0.4848
40.99,0.1881,IMG_5220.jpg,627.8,599857,169.6,31.607,0.5732
46.13,0.2179,IMG_5221.jpg,766.6,588973,172.5,37.886,0.6621
44.93,0.2303,IMG_5222.jpg,676.1,602645,165.9,37.191,0.6414
46.48,0.2141,IMG_5223.jpg,688.7,591665,171.3,37.773,0.6565
40.24,0.1638,IMG_5224.jpg,388.0,594457,171.8,29.949,0.5576
34.79,0.1488,IMG_5225.jpg,258.2,605381,163.7,24.993,0.473
34.99,0.1586,IMG_5226.jpg,132.2,605381,164.0,25.549,0.5607
44.07,0.1978,IMG_5227.jpg,385.2,594457,167.7,35.101,0.6582
42.82,0.2151,IMG_5228.jpg,684.7,597129,173.0,34.885,0.6429
45.55,0.2336,IMG_5229.jpg,741.0,591665,171.5,38.314,0.7096
41.53,0.2128,IMG_5230.jpg,526.2,608189,163.9,33.87,0.6289
38.48,0.2147,IMG_5231.jpg,445.7,594457,169.6,32.001,0.6929
39.37,0.1765,IMG_5232.jpg,205.5,594457,165.5,29.995,0.6113
45.36,0.2299,IMG_5235.jpg,614.3,594457,168.7,35.631,0.6923
47.94,0.2431,IMG_5236.jpg,565.9,599857,166.6,37.803,0.7138
43.57,0.2169,IMG_5237.jpg,548.3,597129,164.9,33.391,0.6413
45.83,0.2328,IMG_5238.jpg,334.4,602645,163.0,35.204,0.6952
43.55,0.2184,IMG_5239.jpg,242.7,605381,161.8,32.21,0.635
39.9,0.1774,IMG_5240.jpg,498.3,605381,169.7,28.962,0.5332
45.42,0.2282,IMG_5241.jpg,577.0,605381,166.6,35.371,0.6866
38.49,0.1682,IMG_5242.jpg,230.0,605381,163.1,26.471,0.5481
37.7,0.162,IMG_5243.jpg,415.7,594457,159.2,24.589,0.4824
34.54,0.1304,IMG_5244.jpg,327.2,599857,167.0,22.868,0.4043
38.89,0.1667,IMG_5245.jpg,191.0,602645,166.4,27.422,0.5583
44.44,0.2039,IMG_5246.jpg,356.3,594457,161.6,32.173,0.6236
45.87,0.2382,IMG_5247.jpg,582.6,605381,162.8,36.378,0.7039
45.92,0.2404,IMG_5248.jpg,331.2,588973,155.3,34.134,0.6594
45.83,0.2376,IMG_5249.jpg,584.8,608189,161.9,36.213,0.6994
38.05,0.2249,IMG_5250.jpg,279.0,602645,161.4,29.518,0.6938
40.0,0.2289,IMG_5251.jpg,327.6,608189,163.0,31.719,0.7006
34.69,0.0579,IMG_5252.jpg,59.0,588973,157.2,14.311,0.2831
35.06,0.0713,IMG_5253.jpg,63.3,583485,156.6,14.454,0.2832
41.1,0.1146,IMG_5254.jpg,78.8,597129,153.2,22.601,0.4791
42.42,0.1223,IMG_5255.jpg,64.7,588973,152.1,21.953,0.4643
45.12,0.1305,IMG_5256.jpg,70.8,599857,149.2,24.036,0.4596
42.18,0.1177,IMG_5257.jpg,73.6,588973,149.7,22.578,0.4453
42.14,0.0833,IMG_5258.jpg,37.0,586165,143.6,18.443,0.3645
39.18,0.1173,IMG_5259.jpg,51.7,540977,153.5,22.02,0.4606
39.28,0.1165,IMG_5260.jpg,50.4,540977,153.0,22.074,0.4614
41.36,0.1089,IMG_5261.jpg,67.8,597129,150.0,22.26,0.4649
40.4,0.109,IMG_5262.jpg,65.9,599857,143.4,22.516,0.445
40.68,0.1076,IMG_5263.jpg,66.3,594457,146.5,22.408,0.4731
42.0,0.1081,IMG_5264.jpg,84.0,591665,153.4,21.335,0.4361
39.82,0.107,IMG_5265.jpg,79.1,599857,153.9,21.744,0.4562
42.14,0.1751,IMG_5266.jpg,392.7,599857,171.4,30.123,0.5692
40.69,0.1859,IMG_5267.jpg,647.9,605381,171.4,29.761,0.5703
37.87,0.1738,IMG_5268.jpg,544.3,605381,172.0,27.766,0.5519
34.26,0.1468,IMG_5269.jpg,503.4,605381,173.9,23.894,0.4618
46.45,0.2461,IMG_5270.jpg,708.4,602645,168.0,37.066,0.7322
41.69,0.2003,IMG_5271.jpg,620.2,608189,168.9,30.786,0.613
45.05,0.2155,IMG_5272.jpg,701.2,602645,168.1,34.255,0.6484
37.82,0.1598,IMG_5273.jpg,554.3,602645,170.2,26.058,0.4718
14.68,0.014,IMG_5274.jpg,50.6,586165,162.5,5.54,0.0563
24.63,0.0397,IMG_5275.jpg,53.3,583485,159.9,9.781,0.1705
19.73,0.0248,IMG_5276.jpg,51.2,586165,161.9,7.619,0.1127
27.59,0.0431,IMG_5277.jpg,56.7,586165,159.0,10.818,0.1859
33.86,0.062,IMG_5278.jpg,53.5,588973,156.8,14.041,0.2769
31.89,0.0626,IMG_5279.jpg,59.2,583485,157.3,13.423,0.261
33.6,0.0822,IMG_5280.jpg,63.4,583485,149.4,16.414,0.359
27.68,0.0538,IMG_5281.jpg,62.5,580833,145.1,12.33,0.2424
27.89,0.0586,IMG_5282.jpg,58.3,588973,156.7,12.337,0.2949
30.14,0.0672,IMG_5283.jpg,61.9,586165,153.8,14.169,0.2866
28.99,0.0706,IMG_5284.jpg,64.0,586165,152.4,14.183,0.3094
30.38,0.071,IMG_5285.jpg,56.4,583485,151.7,14.711,0.3078
30.01,0.0742,IMG_5286.jpg,59.9,588973,151.1,14.81,0.3369
38.98,0.0904,IMG_5287.jpg,63.8,588973,154.1,19.226,0.3952
31.95,0.0628,IMG_5288.jpg,55.0,588973,158.8,14.398,0.278
29.12,0.0543,IMG_5289.jpg,49.7,588973,161.0,12.879,0.2506
33.77,0.0583,IMG_5290.jpg,54.6,583485,157.5,13.803,0.2531
27.78,0.0455,IMG_5291.jpg,54.6,594457,146.5,12.007,0.2386
29.56,0.0417,IMG_5292.jpg,35.1,583485,144.1,12.469,0.2485
25.58,0.0438,IMG_5293.jpg,54.9,583485,162.3,10.802,0.206
36.0,0.1004,IMG_5294.jpg,67.1,583485,152.5,18.895,0.3908
29.33,0.0602,IMG_5295.jpg,52.1,583485,151.0,13.772,0.2806
44.37,0.196,IMG_5296.jpg,694.9,608189,170.2,32.524,0.571
38.92,0.1557,IMG_5297.jpg,524.4,602645,168.1,26.681,0.4617
30.91,0.1198,IMG_5298.jpg,368.2,605381,165.0,19.717,0.3922
41.43,0.1701,IMG_5299.jpg,485.5,608189,166.0,28.522,0.5142
39.0,0.1522,IMG_5300.jpg,540.7,602645,168.2,24.979,0.4471
35.15,0.1221,IMG_5301.jpg,479.3,605381,169.4,21.493,0.3557
42.17,0.13,IMG_5302.jpg,431.2,599857,162.6,22.236,0.3752
57.38,0.1274,IMG_5303.jpg,355.7,597129,146.8,21.279,0.3869
36.04,0.1587,IMG_5304.jpg,506.8,597129,172.8,25.625,0.4832
40.02,0.1702,IMG_5305.jpg,575.7,605381,170.6,27.646,0.5112
42.09,0.1741,IMG_5306.jpg,578.2,605381,169.3,27.978,0.5081
39.76,0.1696,IMG_5307.jpg,573.1,610937,172.0,27.418,0.5047
26.01,0.0624,IMG_5308.jpg,244.2,608189,170.7,12.336,0.1818
24.01,0.0495,IMG_5309.jpg,185.1,608189,167.9,9.949,0.1543
46.12,0.0463,IMG_5310.jpg,150.9,597129,151.7,9.716,0.149
25.94,0.055,IMG_5311.jpg,180.9,610937,168.7,11.442,0.1629
23.22,0.0575,IMG_5312.jpg,228.5,610937,172.0,12.29,0.1765
41.6,0.0545,IMG_5313.jpg,155.3,602645,156.9,11.488,0.17
25.05,0.056,IMG_5314.jpg,169.8,608189,168.4,11.629,0.1655
27.31,0.0495,IMG_5315.jpg,31.3,602645,177.0,10.705,0.1923
22.85,0.057,IMG_5316.jpg,109.9,608189,183.8,11.938,0.1696
25.37,0.0645,IMG_5317.jpg,142.6,605381,182.1,12.479,0.1817
29.17,0.0611,IMG_5318.jpg,112.8,602645,178.1,12.581,0.1807
19.38,0.0261,IMG_5319.jpg,59.2,616473,178.7,8.58,0.1113
19.32,0.0222,IMG_5320.jpg,61.4,591665,175.6,7.261,0.0737
20.48,0.0274,IMG_5321.jpg,59.0,599857,180.7,8.501,0.1145
22.64,0.0328,IMG_5322.jpg,59.1,597129,179.4,8.553,0.1147
23.04,0.0202,IMG_5323.jpg,54.1,591665,175.2,7.105,0.0762
19.8,0.0205,IMG_5324.jpg,60.0,591665,177.2,7.161,0.0697
23.22,0.0233,IMG_5325.jpg,64.6,594457,178.3,8.238,0.0889
21.36,0.0225,IMG_5326.jpg,67.1,599857,181.6,8.394,0.0844
24.99,0.0258,IMG_5327.jpg,59.9,591665,177.6,8.259,0.0896
23.79,0.0814,IMG_5334.jpg,151.5,575449,173.3,12.79,0.3105
21.51,0.0861,IMG_5335.jpg,136.6,578153,170.2,12.508,0.3297
22.2,0.0831,IMG_5336.jpg,141.6,578153,169.7,12.629,0.3091
25.25,0.0865,IMG_5337.jpg,238.2,575449,173.2,14.978,0.2904
27.32,0.0987,IMG_5338.jpg,289.1,570085,178.8,17.321,0.3084
29.48,0.1028,IMG_5339.jpg,257.6,578153,168.1,17.08,0.309
29.49,0.1036,IMG_5340.jpg,294.7,572745,178.2,18.748,0.3254
26.49,0.0881,IMG_5341.jpg,247.9,570085,175.9,16.497,0.2812
25.42,0.094,IMG_5342.jpg,259.6,575449,176.2,16.583,0.3026
24.21,0.0838,IMG_5343.jpg,211.7,580833,168.6,13.99,0.2819
23.47,0.0833,IMG_5344.jpg,227.5,572745,177.2,14.688,0.2824
23.19,0.0399,IMG_5345.jpg,61.5,567453,161.0,10.021,0.15
20.67,0.0315,IMG_5346.jpg,89.1,572745,176.4,8.666,0.1184
20.79,0.0317,IMG_5347.jpg,79.7,583485,172.5,8.624,0.1225
25.37,0.0328,IMG_5348.jpg,74.6,578153,176.1,9.662,0.1315
27.72,0.0399,IMG_5349.jpg,63.7,575449,175.8,10.468,0.1435
30.52,0.0459,IMG_5350.jpg,72.2,572745,174.3,11.877,0.1806
25.68,0.0398,IMG_5351.jpg,84.2,578153,175.5,9.559,0.1261
26.0,0.0388,IMG_5352.jpg,78.8,572745,174.2,9.407,0.136
23.37,0.0259,IMG_5353.jpg,76.6,578153,175.4,8.089,0.1318
22.54,0.0335,IMG_5354.jpg,91.3,570085,177.1,9.228,0.135
20.19,0.029,IMG_5355.jpg,76.5,578153,172.5,8.056,0.1139
19.3,0.0278,IMG_5356.jpg,71.8,580833,172.6,7.658,0.109
37.02,0.1398,IMG_5357.jpg,467.1,578153,181.2,25.98,0.4461
28.97,0.1271,IMG_5358.jpg,374.4,580833,180.6,20.177,0.4272
35.45,0.1496,IMG_5359.jpg,543.3,583485,175.9,25.537,0.4538
35.15,0.1428,IMG_5360.jpg,411.6,588973,173.5,24.975,0.4455
36.95,0.1528,IMG_5361.jpg,270.1,580833,179.5,26.503,0.5155
36.26,0.1684,IMG_5362.jpg,573.1,586165,175.6,27.322,0.5152
39.47,0.1821,IMG_5363.jpg,537.1,580833,174.6,30.08,0.5363
36.99,0.1785,IMG_5364.jpg,593.5,580833,176.1,28.222,0.537
42.09,0.2179,IMG_5365.jpg,662.2,586165,172.3,34.428,0.6369
41.31,0.1863,IMG_5366.jpg,591.8,572745,176.0,32.498,0.5665
41.61,0.1908,IMG_5367.jpg,472.2,586165,174.9,32.294,0.5779
37.21,0.1562,IMG_5368.jpg,450.0,583485,176.2,27.462,0.4812
48.24,0.2519,IMG_5369.jpg,478.5,578153,171.0,41.333,0.7857
34.15,0.1575,IMG_5370.jpg,128.0,591665,169.6,24.449,0.5625
43.24,0.2087,IMG_5371.jpg,393.8,580833,174.5,34.396,0.6489
38.73,0.213,IMG_5372.jpg,497.9,580833,178.0,31.765,0.6538
31.3,0.1488,IMG_5373.jpg,105.7,583485,168.1,21.535,0.5349
42.52,0.2328,IMG_5374.jpg,669.9,597129,167.0,35.476,0.6245
46.82,0.2397,IMG_5375.jpg,742.3,580833,174.5,39.699,0.7386
30.21,0.0524,IMG_5376.jpg,55.3,570085,157.9,12.093,0.1955
30.19,0.0524,IMG_5377.jpg,46.8,564733,159.2,12.129,0.1958
29.44,0.0623,IMG_5378.jpg,50.8,570085,148.8,14.167,0.2563
31.38,0.076,IMG_5379.jpg,63.9,570085,149.5,15.847,0.3108
32.24,0.0818,IMG_5380.jpg,61.3,567453,150.3,16.269,0.3306
32.44,0.0877,IMG_5381.jpg,66.3,570085,151.5,16.924,0.3495
33.03,0.0874,IMG_5382.jpg,48.5,575449,143.9,17.077,0.3507
32.34,0.0846,IMG_5383.jpg,51.2,570085,145.7,17.015,0.354
31.91,0.0807,IMG_5384.jpg,57.5,570085,147.9,16.2,0.3293
32.35,0.081,IMG_5385.jpg,58.2,575449,148.4,16.283,0.3304
33.72,0.0939,IMG_5386.jpg,68.3,572745,146.8,17.853,0.3752
33.56,0.1001,IMG_5387.jpg,64.6,578153,144.3,18.094,0.3857
29.61,0.056,IMG_5388.jpg,46.8,578153,168.4,13.645,0.255
26.94,0.0442,IMG_5389.jpg,48.3,580833,166.0,11.651,0.2126
29.62,0.0411,IMG_5390.jpg,43.4,578153,170.3,11.985,0.1959
33.19,0.0558,IMG_5391.jpg,51.1,570085,163.0,13.726,0.2359
34.46,0.0697,IMG_5392.jpg,60.9,578153,162.3,15.315,0.2744
25.91,0.0476,IMG_5393.jpg,51.1,567453,165.6,11.076,0.1902
27.21,0.0567,IMG_5394.jpg,57.7,570085,156.6,12.624,0.2349
26.34,0.0512,IMG_5395.jpg,51.4,570085,161.0,11.986,0.2224
26.69,0.0438,IMG_5396.jpg,46.4,572745,164.2,11.912,0.2
27.95,0.0602,IMG_5397.jpg,54.8,575449,152.3,13.448,0.2416
30.95,0.0541,IMG_5398.jpg,54.9,575449,158.4,12.634,0.2195
31.61,0.0832,IMG_5399.jpg,63.7,578153,156.5,16.314,0.3253
32.02,0.0827,IMG_5400.jpg,64.3,575449,157.7,16.41,0.3267
29.98,0.0702,IMG_5401.jpg,63.0,580833,150.9,14.451,0.2778
32.73,0.0759,IMG_5402.jpg,33.5,507665,166.8,17.317,0.3417
41.23,0.0983,IMG_5403.jpg,77.3,580833,160.9,21.665,0.4169
33.29,0.0828,IMG_5404.jpg,77.7,578153,162.4,17.183,0.3617
39.78,0.1082,IMG_5405.jpg,66.7,575449,158.4,23.008,0.494
27.65,0.0492,IMG_5406.jpg,71.1,578153,157.8,13.036,0.2365
37.45,0.0714,IMG_5407.jpg,61.5,580833,158.1,17.791,0.3238
29.07,0.04,IMG_5408.jpg,64.0,578153,169.3,11.966,0.1794
28.4,0.0551,IMG_5409.jpg,62.9,583485,165.1,13.774,0.2682
37.41,0.0972,IMG_5410.jpg,67.5,583485,160.2,21.184,0.4384
38.95,0.1014,IMG_5411.jpg,78.5,578153,163.2,21.197,0.434
38.58,0.1587,IMG_5412.jpg,304.2,572745,172.7,27.681,0.5208
26.64,0.0859,IMG_5413.jpg,89.0,575449,173.2,16.179,0.3554
35.24,0.1463,IMG_5414.jpg,115.6,578153,171.9,24.462,0.5649
42.61,0.204,IMG_5415.jpg,721.1,586165,172.9,33.711,0.6048
41.47,0.1953,IMG_5416.jpg,692.7,578153,176.0,32.429,0.6016
46.16,0.2094,IMG_5417.jpg,719.6,578153,177.6,36.877,0.6418
46.03,0.2081,IMG_5418.jpg,729.1,575449,177.8,36.768,0.6492
40.79,0.1789,IMG_5419.jpg,271.4,580833,176.4,30.284,0.623
36.08,0.1673,IMG_5420.jpg,239.7,605381,164.5,26.2,0.5029
31.54,0.1444,IMG_5421.jpg,394.9,608189,166.7,22.105,0.4367
33.55,0.1269,IMG_5422.jpg,447.2,605381,173.2,22.482,0.3711
35.74,0.1578,IMG_5423.jpg,638.1,605381,173.5,25.546,0.4555
35.45,0.1475,IMG_5424.jpg,590.1,602645,173.9,25.115,0.4398
29.01,0.0982,IMG_5425.jpg,381.6,605381,172.8,18.189,0.2965
30.75,0.113,IMG_5426.jpg,349.2,602645,171.7,20.059,0.3421
27.88,0.0974,IMG_5427.jpg,183.5,602645,169.8,17.028,0.3138
29.22,0.1111,IMG_5428.jpg,160.9,605381,167.0,18.691,0.3633
25.53,0.1013,IMG_5429.jpg,220.1,605381,164.7,15.959,0.3182
32.18,0.133,IMG_5430.jpg,316.9,608189,165.8,21.927,0.3992
25.74,0.0547,IMG_5431.jpg,48.7,591665,146.9,11.447,0.2269
33.54,0.0654,IMG_5432.jpg,51.1,591665,149.8,13.457,0.2553
34.71,0.07,IMG_5433.jpg,46.2,591665,149.3,14.302,0.2725
26.84,0.0564,IMG_5434.jpg,49.3,591665,153.2,12.101,0.2218
32.83,0.0644,IMG_5435.jpg,49.4,594457,148.1,13.62,0.2568
25.03,0.0512,IMG_5436.jpg,49.2,588973,146.7,10.965,0.2064
25.68,0.0508,IMG_5437.jpg,51.3,591665,153.2,11.172,0.2128
29.1,0.0584,IMG_5438.jpg,51.5,594457,158.0,13.113,0.2741
31.31,0.0477,IMG_5439.jpg,47.6,591665,161.3,12.307,0.2239
30.78,0.041,IMG_5440.jpg,46.0,591665,161.1,11.093,0.2037
24.75,0.0409,IMG_5441.jpg,47.6,594457,156.1,10.465,0.2094
27.1,0.0462,IMG_5442.jpg,46.0,594457,160.8,11.517,0.2291
25.62,0.0401,IMG_5443.jpg,47.2,591665,155.1,10.594,0.2136
30.23,0.0435,IMG_5444.jpg,46.9,594457,162.4,11.503,0.2175
33.79,0.0829,IMG_5445.jpg,99.0,605381,165.2,16.742,0.3614
35.28,0.0679,IMG_5446.jpg,55.1,597129,156.9,14.971,0.3024
34.38,0.0672,IMG_5447.jpg,54.7,597129,160.4,14.855,0.2977
31.39,0.0587,IMG_5448.jpg,48.2,599857,147.3,14.572,0.3118
33.6,0.0815,IMG_5449.jpg,56.9,597129,154.2,16.323,0.3794
33.35,0.0877,IMG_5450.jpg,58.9,597129,150.7,17.418,0.3935
42.19,0.1045,IMG_5451.jpg,61.2,594457,150.5,19.409,0.3563
42.02,0.106,IMG_5452.jpg,58.7,594457,151.6,19.789,0.3682
35.92,0.1824,IMG_5453.jpg,340.6,588973,172.2,26.297,0.5548
30.38,0.1438,IMG_5454.jpg,340.8,610937,169.6,21.441,0.4387
21.36,0.0799,IMG_5455.jpg,181.2,608189,170.2,12.532,0.2853
21.21,0.0663,IMG_5456.jpg,212.3,608189,170.6,12.319,0.2267
22.1,0.08,IMG_5457.jpg,198.2,610937,173.7,12.888,0.2663
21.82,0.0804,IMG_5458.jpg,183.6,613737,173.4,12.845,0.2673
28.97,0.1637,IMG_5459.jpg,165.7,610937,168.7,21.332,0.4724
38.21,0.1813,IMG_5460.jpg,575.6,613737,171.1,28.972,0.5286
28.39,0.1794,IMG_5461.jpg,176.6,605381,169.1,21.576,0.4798
43.87,0.2109,IMG_5462.jpg,609.7,605381,175.5,33.779,0.6052
43.78,0.2072,IMG_5463.jpg,401.6,586165,174.7,33.868,0.6379
42.77,0.229,IMG_5464.jpg,450.7,586165,174.7,34.427,0.6772
50.91,0.1632,IMG_5465.jpg,368.0,1479987,196.5,29.906,0.5606
48.22,0.2516,IMG_5466.jpg,913.4,608189,173.3,40.401,0.6587
41.89,0.2314,IMG_5467.jpg,836.0,613737,175.1,34.237,0.66
34.16,0.2186,IMG_5468.jpg,258.1,602645,170.3,27.723,0.5856
45.62,0.2444,IMG_5469.jpg,817.7,608189,171.5,38.044,0.6463
34.28,0.2233,IMG_5470.jpg,360.2,605381,171.7,28.146,0.5601
37.91,0.2208,IMG_5471.jpg,472.6,605381,167.4,30.878,0.622
44.06,0.2347,IMG_5472.jpg,674.8,570085,177.4,36.691,0.7249
39.17,0.2122,IMG_5473.jpg,308.7,605381,171.5,29.653,0.5298
39.7,0.2362,IMG_5474.jpg,551.0,608189,168.1,33.346,0.641
39.75,0.238,IMG_5475.jpg,545.0,602645,167.7,33.337,0.6433
44.64,0.2359,IMG_5476.jpg,485.0,608189,171.9,36.214,0.5955
45.35,0.2372,IMG_5477.jpg,516.3,608189,168.4,37.355,0.6285
47.03,0.2618,IMG_5478.jpg,915.7,608189,172.6,40.268,0.6742
44.67,0.2392,IMG_5479.jpg,445.4,608189,164.5,36.43,0.5955
41.68,0.2245,IMG_5480.jpg,358.6,605381,165.6,33.582,0.6091
36.01,0.2354,IMG_5481.jpg,431.2,608189,175.2,29.473,0.5731
35.98,0.2364,IMG_5482.jpg,440.2,608189,174.7,29.44,0.5724
43.79,0.2338,IMG_5483.jpg,877.2,608189,175.5,36.224,0.6413
45.86,0.2706,IMG_5484.jpg,945.0,605381,174.0,40.091,0.6666
42.68,0.246,IMG_5485.jpg,790.8,608189,174.6,36.315,0.6676
34.84,0.2162,IMG_5486.jpg,401.5,608189,172.6,28.208,0.5669
44.56,0.2146,IMG_5487.jpg,693.4,608189,172.5,35.266,0.6076
39.75,0.2109,IMG_5488.jpg,713.5,608189,173.5,31.563,0.6232
41.08,0.2154,IMG_5489.jpg,779.1,608189,175.5,32.689,0.6288
42.46,0.1167,IMG_5490.jpg,100.3,610937,159.4,22.188,0.4238
40.4,0.1107,IMG_5491.jpg,82.4,608189,163.5,21.974,0.4561
39.3,0.1193,IMG_5492.jpg,89.1,608189,162.0,21.574,0.4386
39.74,0.1015,IMG_5493.jpg,85.9,608189,164.9,20.197,0.3977
40.17,0.1098,IMG_5494.jpg,100.8,610937,164.5,21.361,0.4057
39.14,0.107,IMG_5495.jpg,89.0,613737,160.2,20.781,0.4146
34.43,0.0901,IMG_5496.jpg,76.1,610937,162.3,18.112,0.3804
38.65,0.1134,IMG_5497.jpg,94.8,613737,156.9,21.578,0.4402
35.31,0.0998,IMG_5498.jpg,92.1,610937,156.9,19.25,0.3946
36.8,0.0979,IMG_5499.jpg,88.1,616473,152.2,19.624,0.3894
35.85,0.0952,IMG_5500.jpg,74.4,613737,158.6,19.109,0.3865
31.0,0.077,IMG_5501.jpg,76.6,610937,157.6,15.851,0.329
32.02,0.0755,IMG_5502.jpg,72.4,613737,157.8,15.935,0.3111
29.32,0.0676,IMG_5503.jpg,90.5,608189,164.0,13.731,0.2526
25.54,0.0551,IMG_5504.jpg,86.0,608189,165.9,12.133,0.207
33.36,0.0706,IMG_5505.jpg,92.6,605381,164.2,14.844,0.2675
28.44,0.0479,IMG_5506.jpg,92.7,605381,169.7,11.201,0.1717
31.68,0.0567,IMG_5507.jpg,85.5,602645,163.3,12.296,0.2632
29.67,0.0566,IMG_5508.jpg,95.2,605381,168.9,12.858,0.2052
28.88,0.0731,IMG_5509.jpg,82.2,608189,165.1,14.667,0.289
37.79,0.0842,IMG_5510.jpg,96.8,605381,165.3,17.378,0.3059
34.61,0.0655,IMG_5511.jpg,89.1,605381,164.0,15.033,0.2447
34.56,0.0674,IMG_5512.jpg,87.2,605381,163.6,15.011,0.2448
37.24,0.0764,IMG_5513.jpg,84.4,608189,164.8,15.936,0.2895
34.9,0.0736,IMG_5514.jpg,86.3,605381,166.0,15.772,0.2779
39.76,0.1473,IMG_5515.jpg,230.6,610937,184.2,26.722,0.5192
40.74,0.1581,IMG_5516.jpg,219.1,613737,183.5,28.162,0.5386
41.5,0.1606,IMG_5517.jpg,267.3,610937,181.6,28.252,0.5433
41.02,0.1523,IMG_5518.jpg,201.9,602645,181.2,27.305,0.5367
38.02,0.1287,IMG_5519.jpg,166.1,602645,184.6,23.701,0.4593
40.02,0.1517,IMG_5520.jpg,291.4,610937,183.8,27.128,0.5085
39.92,0.1519,IMG_5521.jpg,282.8,602645,181.6,26.987,0.5049
35.06,0.1044,IMG_5522.jpg,159.2,605381,187.4,20.424,0.3925
37.22,0.1346,IMG_5523.jpg,266.2,602645,186.6,24.478,0.4502
38.3,0.1804,IMG_5524.jpg,389.9,608189,183.0,28.153,0.5812
38.65,0.1349,IMG_5525.jpg,219.8,602645,185.7,25.234,0.4778
37.56,0.1664,IMG_5526.jpg,352.7,613737,184.6,25.953,0.5358
43.26,0.2497,IMG_5527.jpg,471.3,588973,173.7,36.815,0.687
46.24,0.2787,IMG_5528.jpg,413.0,586165,169.6,40.566,0.6597
45.99,0.2843,IMG_5529.jpg,385.5,586165,168.6,40.481,0.6519
45.59,0.2849,IMG_5530.jpg,377.1,586165,168.3,40.229,0.6449
45.06,0.2939,IMG_5531.jpg,354.2,591665,166.5,40.027,0.5804
45.08,0.3003,IMG_5532.jpg,403.2,597129,166.6,40.428,0.6143
45.01,0.2992,IMG_5533.jpg,401.1,588973,166.4,40.354,0.6096
45.6,0.3027,IMG_5534.jpg,422.4,586165,166.4,40.88,0.63
44.86,0.2994,IMG_5535.jpg,416.1,588973,167.6,40.041,0.6349
44.59,0.3074,IMG_5536.jpg,483.0,583485,168.4,40.221,0.6555
41.66,0.2539,IMG_5537.jpg,172.3,588973,163.0,34.708,0.5426
43.83,0.2688,IMG_5538.jpg,315.5,602645,160.3,37.595,0.5946
44.48,0.2665,IMG_5539.jpg,383.7,605381,160.1,38.27,0.6169
45.94,0.2642,IMG_5540.jpg,511.6,602645,162.6,39.596,0.6251
44.89,0.2519,IMG_5541.jpg,513.7,608189,163.5,37.866,0.6127
38.87,0.1245,IMG_5542.jpg,103.0,608189,156.2,22.949,0.4647
46.39,0.1452,IMG_5543.jpg,93.0,610937,152.9,27.526,0.4861
46.22,0.1421,IMG_5544.jpg,97.3,605381,147.8,25.18,0.421
47.28,0.1427,IMG_5545.jpg,101.2,608189,148.3,27.305,0.4747
44.75,0.1342,IMG_5546.jpg,100.7,610937,155.1,25.587,0.4521
43.04,0.14,IMG_5547.jpg,108.5,608189,159.6,26.391,0.5103
39.99,0.1263,IMG_5548.jpg,104.5,608189,155.8,23.797,0.488
40.17,0.1261,IMG_5549.jpg,101.4,610937,152.8,23.823,0.4919
40.6,0.137,IMG_5550.jpg,107.2,610937,153.1,24.616,0.5162
45.32,0.1521,IMG_5551.jpg,112.5,608189,153.5,28.57,0.5209
43.27,0.1475,IMG_5552.jpg,107.1,610937,152.9,27.263,0.5106
47.04,0.1419,IMG_5553.jpg,84.6,608189,155.4,28.072,0.5022
47.55,0.154,IMG_5554.jpg,84.4,610937,149.8,27.794,0.44
47.29,0.1417,IMG_5555.jpg,98.0,610937,152.4,27.355,0.5066
48.78,0.1539,IMG_5556.jpg,100.7,608189,147.4,28.821,0.4516
46.16,0.1522,IMG_5557.jpg,84.6,608189,147.0,26.353,0.4133
43.57,0.1201,IMG_5558.jpg,60.0,597129,147.2,24.684,0.4808
47.57,0.1292,IMG_5559.jpg,64.0,597129,149.6,27.267,0.4701
48.5,0.1383,IMG_5560.jpg,58.5,599857,140.0,26.124,0.4144
46.16,0.1273,IMG_5561.jpg,67.7,597129,151.1,26.961,0.4977
42.04,0.1309,IMG_5562.jpg,61.0,597129,151.1,26.162,0.5139
47.78,0.1308,IMG_5563.jpg,66.1,597129,147.2,28.462,0.4832
45.48,0.1435,IMG_5564.jpg,69.1,591665,151.2,28.862,0.5026
46.07,0.145,IMG_5565.jpg,70.3,591665,149.4,29.169,0.5018
46.3,0.1556,IMG_5566.jpg,74.7,591665,148.1,30.481,0.5215
47.79,0.1462,IMG_5567.jpg,73.2,591665,147.9,30.165,0.504
42.01,0.1231,IMG_5568.jpg,61.1,591665,148.2,25.709,0.5298
41.58,0.1122,IMG_5569.jpg,58.1,591665,140.3,24.516,0.4864
42.45,0.1187,IMG_5570.jpg,58.0,591665,139.2,25.599,0.4828
42.91,0.1416,IMG_5571.jpg,71.4,594457,147.7,26.91,0.5395
44.21,0.144,IMG_5572.jpg,68.5,588973,143.3,28.578,0.5338
43.59,0.1442,IMG_5573.jpg,76.7,591665,151.6,27.527,0.5293
42.24,0.1374,IMG_5574.jpg,66.7,591665,149.5,26.551,0.5298
44.63,0.1501,IMG_5575.jpg,73.8,594457,148.7,29.208,0.5085
42.29,0.1309,IMG_5576.jpg,65.0,591665,144.5,26.523,0.5577
43.62,0.1258,IMG_5577.jpg,62.6,591665,136.6,26.335,0.4645
46.02,0.1678,IMG_5578.jpg,72.0,594457,147.0,31.745,0.4897
44.81,0.1677,IMG_5579.jpg,79.5,591665,147.1,30.493,0.5193
44.57,0.1633,IMG_5580.jpg,75.1,591665,146.2,30.25,0.5204
44.94,0.1423,IMG_5581.jpg,76.1,591665,150.2,28.046,0.5071
43.83,0.275,IMG_5582.jpg,274.6,575449,166.9,38.589,0.6001
40.59,0.2547,IMG_5583.jpg,174.6,583485,164.6,34.593,0.5401
45.55,0.2965,IMG_5584.jpg,392.5,578153,167.1,41.421,0.6117
46.37,0.2924,IMG_5585.jpg,415.7,580833,162.0,41.736,0.6681
43.52,0.265,IMG_5586.jpg,267.0,580833,162.6,37.543,0.5992
44.4,0.2724,IMG_5587.jpg,292.9,580833,161.9,38.745,0.6095
48.5,0.298,IMG_5588.jpg,624.8,586165,163.6,44.007,0.6205
50.6,0.3206,IMG_5589.jpg,885.1,586165,164.1,47.013,0.6745
46.66,0.2901,IMG_5590.jpg,508.0,591665,162.1,41.978,0.6173
50.01,0.2958,IMG_5591.jpg,728.9,591665,164.2,45.597,0.6782
49.9,0.3031,IMG_5592.jpg,774.9,591665,165.6,45.697,0.6523
50.81,0.3145,IMG_5593.jpg,930.6,591665,167.8,47.278,0.6431
49.76,0.3376,IMG_5594.jpg,1005.2,586165,165.4,47.066,0.5924
47.45,0.265,IMG_5595.jpg,511.8,575449,169.1,41.226,0.6516
46.13,0.2598,IMG_5596.jpg,860.4,588973,166.6,40.128,0.6918
42.7,0.2686,IMG_5597.jpg,653.9,591665,164.4,37.537,0.6682
40.35,0.2632,IMG_5598.jpg,586.6,591665,165.4,35.449,0.6339
40.58,0.247,IMG_5599.jpg,710.1,591665,164.8,34.996,0.6429
39.28,0.2218,IMG_5600.jpg,650.7,594457,166.4,32.525,0.6389
39.62,0.2255,IMG_5601.jpg,606.9,591665,166.5,33.14,0.6604
40.75,0.1872,IMG_5602.jpg,508.8,597129,164.6,31.222,0.5422
42.87,0.2224,IMG_5603.jpg,759.9,602645,165.7,35.305,0.6175
41.18,0.2266,IMG_5604.jpg,743.0,597129,165.9,34.3,0.6473
46.96,0.2541,IMG_5605.jpg,724.7,586165,164.7,39.958,0.6785
47.82,0.2576,IMG_5606.jpg,777.3,588973,163.9,41.001,0.6838
48.23,0.279,IMG_5607.jpg,771.8,588973,162.6,42.31,0.6798
48.11,0.2743,IMG_5608.jpg,784.1,586165,164.4,42.064,0.6966
43.25,0.122,IMG_5609.jpg,75.5,594457,151.1,23.411,0.4438
42.7,0.12,IMG_5610.jpg,72.1,599857,149.9,23.463,0.4505
42.68,0.123,IMG_5611.jpg,72.8,597129,147.3,23.326,0.4391
40.62,0.0975,IMG_5612.jpg,63.3,594457,150.1,19.718,0.3774
38.86,0.0923,IMG_5613.jpg,68.3,597129,150.2,18.967,0.382
35.91,0.103,IMG_5614.jpg,67.1,594457,151.6,19.527,0.4098
33.77,0.0918,IMG_5615.jpg,64.6,597129,149.0,18.186,0.3903
35.45,0.0838,IMG_5616.jpg,66.4,594457,153.2,16.842,0.3217
45.7,0.1388,IMG_5617.jpg,77.7,594457,146.7,25.573,0.454
39.98,0.1046,IMG_5618.jpg,67.8,594457,151.8,20.709,0.3902
42.22,0.1134,IMG_5619.jpg,72.7,591665,148.4,21.662,0.4102
41.86,0.1129,IMG_5620.jpg,71.2,591665,148.1,21.666,0.4098
34.86,0.0787,IMG_5621.jpg,57.6,594457,143.9,18.236,0.384
34.61,0.0883,IMG_5622.jpg,63.3,594457,149.8,19.055,0.4191
38.74,0.1018,IMG_5623.jpg,68.5,588973,155.3,21.147,0.4565
40.1,0.1206,IMG_5624.jpg,72.8,588973,152.2,22.305,0.4419
35.13,0.1005,IMG_5625.jpg,66.7,588973,152.9,19.595,0.4375
32.29,0.0884,IMG_5626.jpg,67.7,594457,150.3,17.36,0.3677
36.56,0.1021,IMG_5627.jpg,68.4,594457,155.0,19.664,0.413
29.95,0.0728,IMG_5628.jpg,66.6,591665,151.5,15.017,0.3138
29.28,0.0635,IMG_5629.jpg,64.3,594457,156.9,13.574,0.2731
33.51,0.0773,IMG_5630.jpg,68.7,591665,155.0,16.157,0.3189
40.41,0.0975,IMG_5631.jpg,69.4,591665,151.7,19.486,0.3616
35.01,0.1984,IMG_5632.jpg,557.3,594457,165.4,27.965,0.5748
38.83,0.2506,IMG_5633.jpg,496.5,594457,161.8,33.535,0.6261
44.68,0.2615,IMG_5634.jpg,558.5,594457,160.9,38.828,0.666
42.0,0.2546,IMG_5635.jpg,587.9,594457,161.9,36.153,0.6439
29.29,0.1672,IMG_5636.jpg,255.5,599857,161.6,22.154,0.5429
26.1,0.1609,IMG_5637.jpg,155.7,599857,160.6,19.559,0.5219
26.68,0.1575,IMG_5638.jpg,174.9,599857,160.9,19.716,0.5288
32.77,0.1368,IMG_5639.jpg,343.2,602645,162.5,23.107,0.4139
31.1,0.1765,IMG_5640.jpg,339.1,599857,161.0,23.724,0.5279
34.15,0.2104,IMG_5641.jpg,371.3,594457,161.3,27.977,0.626
36.91,0.26,IMG_5642.jpg,385.9,597129,160.7,32.269,0.5862
40.79,0.253,IMG_5643.jpg,214.4,594457,159.3,34.644,0.55
41.51,0.2839,IMG_5644.jpg,542.4,597129,162.7,37.359,0.6328
31.02,0.1229,IMG_5645.jpg,295.3,599857,162.9,20.148,0.3782
31.67,0.1237,IMG_5646.jpg,170.1,599857,163.9,19.989,0.4481
32.48,0.121,IMG_5647.jpg,294.6,597129,164.8,20.765,0.3922
32.54,0.1207,IMG_5648.jpg,322.0,599857,165.4,20.611,0.3905
32.35,0.1234,IMG_5649.jpg,275.4,599857,163.9,21.174,0.3836
31.14,0.1281,IMG_5650.jpg,162.7,599857,163.3,20.126,0.4292
33.58,0.1368,IMG_5651.jpg,185.9,599857,163.6,22.151,0.4717
33.95,0.1698,IMG_5652.jpg,158.1,599857,161.5,23.302,0.5037
36.42,0.1822,IMG_5653.jpg,259.4,599857,160.5,26.333,0.4777
29.07,0.1198,IMG_5654.jpg,330.7,599857,162.8,19.002,0.3881
33.97,0.1505,IMG_5655.jpg,276.6,599857,161.5,23.5,0.4375
37.17,0.1894,IMG_5657.jpg,574.1,608189,179.2,29.422,0.5473
36.3,0.0939,IMG_5658.jpg,63.0,608189,160.8,19.486,0.4019
36.63,0.0959,IMG_5659.jpg,59.0,608189,162.4,20.191,0.4235
33.57,0.0797,IMG_5660.jpg,70.5,608189,166.3,16.859,0.3365
40.81,0.0869,IMG_5661.jpg,68.5,608189,165.8,20.218,0.3703
39.03,0.0839,IMG_5662.jpg,80.4,610937,166.4,19.399,0.3717
36.93,0.0925,IMG_5663.jpg,74.1,608189,163.2,18.74,0.3445
40.53,0.0992,IMG_5664.jpg,87.2,608189,161.8,20.46,0.3703
34.6,0.0895,IMG_5665.jpg,81.3,608189,164.2,18.065,0.3518
34.07,0.0802,IMG_5666.jpg,61.6,605381,162.5,16.922,0.348
33.85,0.0872,IMG_5667.jpg,83.2,608189,166.4,17.422,0.3326
33.82,0.0783,IMG_5668.jpg,85.3,608189,166.4,17.325,0.3319
43.93,0.0878,IMG_5669.jpg,55.9,608189,155.8,19.784,0.3644
34.72,0.0816,IMG_5670.jpg,60.6,608189,162.1,17.336,0.3522
38.17,0.0877,IMG_5671.jpg,78.5,608189,163.0,18.869,0.3497
30.04,0.0649,IMG_5672.jpg,75.4,608189,159.8,14.38,0.2722
39.42,0.0943,IMG_5673.jpg,81.5,608189,162.3,19.641,0.348
39.12,0.0817,IMG_5674.jpg,74.6,605381,160.9,16.808,0.3168
31.45,0.0687,IMG_5675.jpg,67.1,608189,169.9,14.923,0.2709
37.22,0.0738,IMG_5676.jpg,64.2,608189,162.3,15.785,0.29
34.52,0.0851,IMG_5677.jpg,79.9,608189,162.8,17.494,0.3325
35.97,0.0775,IMG_5678.jpg,77.0,608189,162.9,16.824,0.2944
36.12,0.0951,IMG_5679.jpg,75.6,608189,165.5,19.127,0.3613
35.18,0.0911,IMG_5680.jpg,65.3,605381,166.3,18.381,0.3563
33.0,0.069,IMG_5681.jpg,97.1,570085,177.2,16.151,0.2556
32.97,0.0697,IMG_5682.jpg,84.8,572745,177.1,16.176,0.2663
29.72,0.0694,IMG_5683.jpg,89.5,586165,169.1,14.719,0.2655
37.83,0.0886,IMG_5684.jpg,97.2,591665,167.3,18.611,0.3193
36.31,0.0751,IMG_5685.jpg,91.9,597129,168.4,16.384,0.274
36.51,0.0777,IMG_5686.jpg,87.2,597129,168.9,16.553,0.2752
29.64,0.0705,IMG_5687.jpg,83.8,591665,163.6,14.666,0.2708
35.69,0.0805,IMG_5688.jpg,85.7,591665,163.7,17.005,0.2995
33.09,0.0712,IMG_5689.jpg,73.8,591665,165.5,15.812,0.2879
32.36,0.068,IMG_5690.jpg,88.5,588973,167.1,15.012,0.2571
31.44,0.0761,IMG_5691.jpg,86.5,591665,163.5,15.895,0.2884
31.93,0.0793,IMG_5692.jpg,79.5,594457,162.6,16.164,0.3225
28.77,0.0634,IMG_5693.jpg,72.4,591665,162.1,14.007,0.2558
34.24,0.0635,IMG_5694.jpg,86.8,594457,164.3,14.947,0.2457
23.18,0.0417,IMG_5695.jpg,72.2,588973,166.9,10.306,0.1713
31.26,0.0714,IMG_5696.jpg,84.9,591665,164.8,15.502,0.2751
34.99,0.1149,IMG_5697.jpg,69.0,588973,180.8,21.522,0.5223
35.14,0.1213,IMG_5698.jpg,66.3,591665,179.2,21.977,0.5376
34.55,0.1133,IMG_5699.jpg,66.2,586165,178.8,21.038,0.5091
36.43,0.1304,IMG_5700.jpg,88.9,594457,178.9,23.565,0.554
36.22,0.1269,IMG_5701.jpg,78.6,583485,179.1,23.354,0.5492
34.74,0.1074,IMG_5702.jpg,74.9,580833,180.2,21.048,0.4698
36.61,0.1301,IMG_5703.jpg,68.4,578153,177.9,22.783,0.5387
35.32,0.1159,IMG_5704.jpg,59.7,591665,179.5,21.186,0.5122
39.1,0.1396,IMG_5705.jpg,140.5,580833,178.8,26.56,0.5521
41.56,0.1676,IMG_5706.jpg,275.6,588973,177.7,29.892,0.5882
38.5,0.1462,IMG_5707.jpg,233.7,583485,179.3,26.761,0.5278
38.99,0.144,IMG_5708.jpg,222.6,583485,179.2,26.989,0.53
38.74,0.1362,IMG_5709.jpg,187.6,580833,179.4,26.491,0.5154
38.03,0.158,IMG_5710.jpg,330.5,578153,177.5,27.289,0.5363
36.88,0.1576,IMG_5711.jpg,382.5,588973,178.9,26.006,0.523
31.21,0.1008,IMG_5712.jpg,187.1,580833,180.9,18.702,0.3579
36.85,0.1364,IMG_5713.jpg,258.0,588973,177.7,24.321,0.4802
28.08,0.12,IMG_5714.jpg,198.2,586165,178.8,17.411,0.4307
27.84,0.1231,IMG_5715.jpg,197.7,594457,177.9,18.078,0.4325
27.4,0.1249,IMG_5716.jpg,148.8,594457,176.8,17.476,0.4668
24.19,0.091,IMG_5717.jpg,105.6,594457,177.9,13.195,0.3428
20.84,0.0676,IMG_5718.jpg,65.1,597129,177.4,9.842,0.2896
23.23,0.058,IMG_5719.jpg,124.9,588973,181.2,10.754,0.2063
24.65,0.0607,IMG_5720.jpg,127.4,580833,179.4,11.757,0.2141
24.91,0.0621,IMG_5721.jpg,131.1,580833,180.1,11.939,0.2182
22.11,0.0488,IMG_5722.jpg,114.1,597129,180.1,9.84,0.1792
27.07,0.0475,IMG_5723.jpg,43.0,588973,157.5,12.356,0.2248
25.45,0.0483,IMG_5724.jpg,36.6,575449,151.4,11.953,0.2347
21.5,0.0311,IMG_5725.jpg,38.7,591665,161.9,8.924,0.1512
26.43,0.0459,IMG_5726.jpg,41.8,588973,161.9,12.01,0.2335
25.12,0.0411,IMG_5727.jpg,41.9,588973,158.2,11.047,0.2224
20.49,0.0269,IMG_5728.jpg,39.7,586165,164.2,8.279,0.1386
16.92,0.019,IMG_5729.jpg,40.5,586165,166.6,6.594,0.0868
15.28,0.0151,IMG_5730.jpg,40.0,588973,169.7,5.871,0.0598
20.54,0.0266,IMG_5731.jpg,40.9,588973,162.5,8.244,0.1341
29.76,0.0588,IMG_5732.jpg,44.0,588973,157.2,14.082,0.2882
27.3,0.0515,IMG_5733.jpg,43.7,588973,158.1,12.363,0.25
24.52,0.0357,IMG_5734.jpg,39.3,588973,161.9,10.212,0.1845
26.49,0.0466,IMG_5735.jpg,45.0,591665,159.1,12.143,0.2431
35.81,0.0689,IMG_5736.jpg,93.5,597129,160.6,15.606,0.2766
32.57,0.0559,IMG_5737.jpg,79.1,597129,169.3,13.475,0.2025
42.49,0.0961,IMG_5738.jpg,85.2,597129,158.1,19.72,0.3487
28.86,0.0536,IMG_5739.jpg,85.7,599857,168.1,12.737,0.2166
36.36,0.0675,IMG_5740.jpg,88.1,599857,164.4,15.854,0.2677
40.38,0.0853,IMG_5741.jpg,77.7,594457,159.9,17.692,0.3349
28.89,0.0645,IMG_5742.jpg,82.2,602645,165.5,13.882,0.2439
28.91,0.0647,IMG_5743.jpg,88.7,599857,165.4,13.947,0.2442
32.89,0.0777,IMG_5744.jpg,88.6,599857,163.7,16.276,0.3264
27.27,0.0554,IMG_5745.jpg,81.9,599857,162.6,12.754,0.2306
37.82,0.0703,IMG_5746.jpg,88.8,599857,164.3,16.256,0.2764
32.93,0.0558,IMG_5747.jpg,81.3,597129,167.2,12.997,0.2212
24.89,0.1223,IMG_5748.jpg,105.1,597129,172.0,16.268,0.4589
23.4,0.1055,IMG_5749.jpg,89.1,597129,172.9,14.499,0.4182
23.83,0.1173,IMG_5750.jpg,77.8,597129,171.6,15.121,0.4596
21.52,0.0801,IMG_5751.jpg,97.0,597129,173.1,11.906,0.3124
23.78,0.1108,IMG_5752.jpg,82.4,602645,171.1,14.586,0.4284
23.09,0.1056,IMG_5753.jpg,77.5,605381,170.6,13.895,0.4263
26.27,0.1441,IMG_5754.jpg,96.0,599857,170.6,17.843,0.5341
25.54,0.1483,IMG_5755.jpg,77.0,602645,168.9,17.671,0.533
36.05,0.1455,IMG_5756.jpg,503.4,602645,170.4,25.236,0.4505
35.89,0.1423,IMG_5757.jpg,415.7,594457,170.3,24.925,0.444
35.26,0.1399,IMG_5758.jpg,468.2,594457,170.5,24.146,0.4216
32.96,0.11,IMG_5759.jpg,289.0,610937,168.6,19.536,0.3606
31.56,0.1122,IMG_5760.jpg,320.7,599857,171.6,20.231,0.3651
27.13,0.0847,IMG_5761.jpg,118.2,599857,170.2,15.523,0.3512
40.59,0.2977,IMG_5762.jpg,1103.9,588973,153.4,36.553,0.6184
41.99,0.2921,IMG_5763.jpg,1253.2,586165,151.5,37.393,0.6929
40.37,0.3051,IMG_5764.jpg,795.9,588973,151.6,36.273,0.6014
41.16,0.3182,IMG_5765.jpg,660.0,588973,150.9,37.384,0.6059
38.12,0.2804,IMG_5766.jpg,707.5,588973,153.1,33.688,0.6561
36.58,0.2529,IMG_5767.jpg,646.7,591665,153.1,31.362,0.6195
36.23,0.2331,IMG_5768.jpg,1042.7,588973,154.4,30.636,0.6547
37.12,0.2348,IMG_5769.jpg,868.8,583485,156.3,31.53,0.688
38.06,0.3032,IMG_5770.jpg,830.8,597129,149.8,33.941,0.6333
36.46,0.2988,IMG_5771.jpg,775.0,599857,148.2,32.421,0.5929
37.9,0.3039,IMG_5772.jpg,705.8,594457,151.2,34.167,0.5815
36.4,0.2837,IMG_5773.jpg,679.3,594457,152.7,32.343,0.5392
36.91,0.2892,IMG_5774.jpg,613.9,594457,152.4,33.232,0.5312
43.78,0.3225,IMG_5775.jpg,614.1,583485,151.4,40.204,0.6641
31.73,0.0807,IMG_5776.jpg,69.9,586165,130.3,15.119,0.3363
29.62,0.0897,IMG_5777.jpg,68.0,588973,127.5,15.278,0.3809
38.09,0.1436,IMG_5778.jpg,71.8,594457,114.1,23.724,0.4336
29.55,0.0792,IMG_5779.jpg,65.0,591665,121.4,14.894,0.366
36.49,0.1495,IMG_5780.jpg,76.2,588973,120.1,23.026,0.5489
39.38,0.1352,IMG_5781.jpg,72.9,586165,119.7,21.767,0.4286
35.4,0.1205,IMG_5782.jpg,84.5,586165,125.8,19.552,0.4416
37.42,0.1527,IMG_5783.jpg,85.4,586165,122.6,23.122,0.5032
36.32,0.1143,IMG_5784.jpg,74.4,586165,124.3,19.211,0.4237
37.19,0.1363,IMG_5785.jpg,77.5,588973,123.3,22.005,0.5003
37.66,0.1265,IMG_5786.jpg,79.4,588973,124.6,20.946,0.4532
38.46,0.1302,IMG_5787.jpg,77.9,588973,123.6,21.254,0.4566
32.12,0.0901,IMG_5788.jpg,71.2,591665,129.8,16.329,0.3925
36.11,0.1096,IMG_5789.jpg,76.0,588973,132.1,19.545,0.4396
33.18,0.0967,IMG_5790.jpg,65.5,588973,123.1,18.498,0.3904
32.16,0.0863,IMG_5791.jpg,64.8,591665,124.1,16.859,0.3718
34.89,0.1073,IMG_5792.jpg,64.9,588973,125.0,19.66,0.4058
38.64,0.1347,IMG_5793.jpg,73.3,591665,125.3,23.361,0.5107
36.89,0.1227,IMG_5794.jpg,66.8,591665,121.4,21.322,0.4186
36.95,0.1303,IMG_5795.jpg,74.5,588973,127.3,22.235,0.5098
36.54,0.1227,IMG_5796.jpg,70.0,591665,124.2,21.643,0.4812
35.34,0.1063,IMG_5797.jpg,67.3,588973,122.4,19.434,0.4328
42.54,0.2462,IMG_5798.jpg,394.0,608189,156.1,35.618,0.6938
45.05,0.2828,IMG_5799.jpg,417.3,594457,153.5,39.591,0.6561
45.4,0.2879,IMG_5800.jpg,407.0,599857,153.0,40.358,0.6401
45.98,0.286,IMG_5801.jpg,475.4,591665,153.2,40.531,0.6911
46.14,0.2909,IMG_5802.jpg,475.9,591665,153.7,41.125,0.678
45.03,0.2898,IMG_5803.jpg,415.5,599857,153.9,39.88,0.6217
43.96,0.2707,IMG_5804.jpg,452.1,605381,152.4,37.529,0.7109
43.2,0.2579,IMG_5805.jpg,455.8,597129,152.0,36.408,0.6981
38.86,0.2103,IMG_5806.jpg,389.5,605381,154.1,30.133,0.6193
44.05,0.2831,IMG_5807.jpg,399.8,599857,148.8,38.425,0.6424
46.35,0.3029,IMG_5808.jpg,498.7,602645,149.2,41.822,0.631
44.8,0.2883,IMG_5809.jpg,428.7,597129,151.4,39.436,0.6545
43.75,0.2648,IMG_5810.jpg,445.8,597129,152.7,37.612,0.7422
46.39,0.2948,IMG_5811.jpg,520.7,588973,154.5,40.875,0.7084
45.98,0.2865,IMG_5812.jpg,480.6,594457,154.9,40.577,0.6998
45.48,0.2865,IMG_5813.jpg,443.2,588973,153.4,40.179,0.6784
46.86,0.2855,IMG_5814.jpg,520.2,591665,155.7,41.485,0.7322
41.26,0.2648,IMG_5815.jpg,506.9,588973,158.5,35.791,0.749
38.77,0.2594,IMG_5816.jpg,402.6,597129,157.7,33.7,0.7316
48.34,0.2729,IMG_5817.jpg,905.8,586165,168.1,43.063,0.7733
51.39,0.2799,IMG_5818.jpg,778.3,594457,165.0,46.036,0.7573
50.67,0.2757,IMG_5819.jpg,816.5,594457,166.6,45.226,0.7627
26.59,0.243,IMG_5820.jpg,201.9,586165,168.5,21.159,0.425
51.36,0.2776,IMG_5821.jpg,875.5,602645,166.1,45.902,0.7945
48.65,0.2799,IMG_5822.jpg,936.5,586165,169.2,43.812,0.778
37.69,0.262,IMG_5823.jpg,301.3,586165,164.9,33.618,0.5488
40.4,0.2653,IMG_5824.jpg,432.9,588973,164.3,35.904,0.6199
45.72,0.2777,IMG_5825.jpg,722.0,586165,165.1,41.009,0.7405
39.46,0.2224,IMG_5826.jpg,574.0,605381,164.5,32.98,0.6765
33.87,0.2084,IMG_5827.jpg,319.6,599857,163.0,27.944,0.647
37.14,0.2157,IMG_5828.jpg,476.6,605381,163.5,30.864,0.6869
41.66,0.2236,IMG_5829.jpg,644.2,605381,163.8,35.081,0.6875
45.31,0.1407,IMG_5830.jpg,77.2,591665,146.4,26.093,0.4607
31.65,0.09,IMG_5831.jpg,56.6,591665,140.2,17.137,0.3807
30.15,0.0823,IMG_5832.jpg,59.1,594457,142.4,15.875,0.3392
38.53,0.1128,IMG_5833.jpg,66.7,591665,143.1,21.038,0.4224
31.95,0.0927,IMG_5834.jpg,59.7,591665,133.7,17.399,0.3875
33.21,0.1016,IMG_5835.jpg,62.1,594457,138.7,18.403,0.4285
35.25,0.1094,IMG_5836.jpg,61.8,591665,138.1,19.967,0.4596
34.08,0.1016,IMG_5837.jpg,63.8,588973,140.6,18.321,0.4283
31.44,0.0809,IMG_5838.jpg,53.8,594457,134.0,16.722,0.3668
32.56,0.0845,IMG_5839.jpg,91.9,562081,152.8,17.224,0.3587
41.66,0.0908,IMG_5840.jpg,81.0,586165,151.6,20.851,0.3819
34.84,0.0827,IMG_5841.jpg,82.8,602645,152.4,18.377,0.3905
34.52,0.0799,IMG_5842.jpg,70.7,602645,143.7,18.388,0.3821
31.95,0.081,IMG_5843.jpg,90.5,599857,150.5,16.251,0.3283
32.48,0.0681,IMG_5844.jpg,88.5,597129,154.8,16.155,0.3439
33.24,0.0867,IMG_5845.jpg,94.6,599857,155.3,16.876,0.3425
35.41,0.0826,IMG_5846.jpg,83.3,599857,154.3,18.357,0.3692
39.91,0.0932,IMG_5847.jpg,84.8,597129,152.2,19.141,0.3719
25.94,0.0431,IMG_5848.jpg,89.0,597129,158.5,11.52,0.2111
34.08,0.088,IMG_5849.jpg,74.1,599857,147.4,18.044,0.411
32.53,0.0978,IMG_5850.jpg,78.2,602645,147.7,17.458,0.4207
33.17,0.0725,IMG_5851.jpg,78.4,602645,142.7,17.38,0.3748
33.75,0.0895,IMG_5852.jpg,85.1,602645,142.9,17.926,0.3653
34.75,0.0983,IMG_5853.jpg,77.5,599857,147.4,19.241,0.4379
34.4,0.0921,IMG_5854.jpg,75.0,599857,148.2,19.071,0.4539
43.42,0.2534,IMG_5855.jpg,603.5,599857,158.6,37.43,0.7169
35.22,0.2143,IMG_5856.jpg,421.7,610937,152.7,29.183,0.6711
31.3,0.139,IMG_5857.jpg,206.9,599857,154.9,21.769,0.4654
38.92,0.2071,IMG_5858.jpg,455.4,602645,154.2,31.417,0.6413
38.57,0.224,IMG_5859.jpg,501.9,608189,153.7,32.21,0.686
30.07,0.207,IMG_5860.jpg,202.3,602645,152.4,24.579,0.5441
20.46,0.1886,IMG_5861.jpg,124.2,594457,152.8,14.059,0.4148
37.12,0.1853,IMG_5862.jpg,283.1,602645,154.5,28.608,0.5928
36.67,0.1809,IMG_5863.jpg,447.2,608189,154.4,28.094,0.5637
38.18,0.2009,IMG_5864.jpg,488.4,605381,152.2,29.998,0.6025
37.54,0.2453,IMG_5865.jpg,414.6,591665,153.2,31.661,0.7102
30.48,0.2093,IMG_5866.jpg,257.2,602645,152.1,25.137,0.6154
30.2,0.2117,IMG_5867.jpg,232.7,594457,152.9,24.886,0.612
40.47,0.2298,IMG_5868.jpg,560.1,610937,155.0,33.951,0.6874
