area_mean_px,area_median_px,budding_proxy_frac,cell_count,cell_density_per_Mpx,cell_gray_mean,cell_sat_mean,clustering_R,coverage_frac,file,focus_var,fov_area_px,fov_circularity,fov_r,height,method,scale,width
411.9,410.0,0.009,117,392.7,123.4,116.3,1.2314,0.1617,IMG_5070.jpg,139.9,297965,0.98,324.5,1100,cellpose,0.688,825
382.6,360.0,0.049,81,284.6,114.3,115.6,1.1346,0.1089,IMG_5071.jpg,64.8,284565,0.979,317.4,1100,cellpose,0.688,825
334.9,292.0,0.043,70,244.4,113.0,120.9,1.1129,0.0818,IMG_5072.jpg,61.0,286453,0.97,317.9,1100,cellpose,0.688,825
396.2,362.0,0.034,58,197.2,118.6,113.9,1.1018,0.0781,IMG_5073.jpg,99.0,294137,0.976,322.9,1100,cellpose,0.688,825
439.1,430.0,0.025,161,573.3,95.7,143.6,1.2623,0.2518,IMG_5074.jpg,78.6,280817,0.977,315.5,1100,cellpose,0.688,825
392.5,403.0,0.033,92,312.8,115.6,119.8,1.0947,0.1228,IMG_5075.jpg,108.1,294137,0.979,322.9,1100,cellpose,0.688,825
351.4,300.0,0.028,72,244.8,123.0,119.7,1.167,0.086,IMG_5076.jpg,93.6,294137,0.98,322.4,1100,cellpose,0.688,825
370.0,336.5,0.029,138,469.2,118.0,114.1,1.2337,0.1736,IMG_5077.jpg,118.4,294137,0.981,322.6,1100,cellpose,0.688,825
445.3,442.0,0.007,146,499.7,108.4,137.4,1.2822,0.2225,IMG_5078.jpg,112.8,292201,0.977,321.5,1100,cellpose,0.688,825
306.9,292.5,0.009,108,364.8,134.4,107.1,1.1604,0.112,IMG_5079.jpg,88.6,296025,0.976,323.4,1100,cellpose,0.688,825
403.3,400.5,0.011,88,303.2,118.2,121.4,1.0678,0.1223,IMG_5100.jpg,89.9,290273,0.979,320.7,1100,cellpose,0.688,825
411.4,392.0,0.02,149,509.9,114.4,128.9,1.1982,0.2098,IMG_5101.jpg,119.5,292201,0.977,321.9,1100,cellpose,0.688,825
445.1,427.0,0.02,147,506.4,112.1,134.8,1.2588,0.2254,IMG_5102.jpg,110.8,290273,0.978,320.7,1100,cellpose,0.688,825
393.6,387.5,0.012,166,571.9,115.7,127.4,1.2608,0.2251,IMG_5103.jpg,119.9,290273,0.98,320.6,1100,cellpose,0.688,825
406.5,384.0,0.02,149,513.3,114.7,129.7,1.2517,0.2087,IMG_5104.jpg,112.7,290273,0.977,320.7,1100,cellpose,0.688,825
351.8,340.0,0.041,97,332.0,119.2,120.8,1.0734,0.1168,IMG_5105.jpg,97.4,292201,0.98,321.2,1100,cellpose,0.688,825
434.0,432.0,0.007,136,459.4,112.0,139.2,1.1734,0.1994,IMG_5106.jpg,95.1,296025,0.981,323.3,1100,cellpose,0.688,825
313.2,278.0,0.065,77,265.3,122.3,117.9,0.9456,0.0831,IMG_5107.jpg,93.2,290273,0.977,321.0,1100,cellpose,0.688,825
328.2,304.0,0.063,79,270.4,122.9,116.7,0.9758,0.0887,IMG_5108.jpg,93.9,292201,0.977,321.4,1100,cellpose,0.688,825
346.2,315.0,0.057,106,365.2,116.9,124.1,1.093,0.1264,IMG_5109.jpg,102.7,290273,0.98,320.8,1100,cellpose,0.688,825
325.6,292.0,0.086,81,304.5,138.4,104.1,1.0813,0.0991,IMG_5110.jpg,50.9,266025,0.981,307.3,1100,cellpose,0.688,825
352.2,303.0,0.031,65,219.6,138.5,108.0,1.0373,0.0773,IMG_5111.jpg,76.6,296025,0.98,323.8,1100,cellpose,0.688,825
364.6,353.5,0.074,108,364.8,132.2,113.1,1.1016,0.133,IMG_5112.jpg,85.3,296025,0.978,324.0,1100,cellpose,0.688,825
423.4,406.0,0.011,177,613.7,118.5,131.8,1.2962,0.2598,IMG_5113.jpg,110.0,288413,0.98,319.7,1100,cellpose,0.688,825
415.9,399.5,0.006,168,567.5,116.3,133.7,1.2324,0.236,IMG_5114.jpg,98.3,296025,0.981,324.1,1100,cellpose,0.688,825
396.9,383.5,0.037,160,540.5,117.1,129.6,1.2007,0.2145,IMG_5115.jpg,108.7,296025,0.978,323.8,1100,cellpose,0.688,825
430.5,411.5,0.028,72,243.2,124.8,126.2,1.0898,0.1047,IMG_5116.jpg,78.7,296025,0.982,323.9,1100,cellpose,0.688,825
573.3,572.0,0.0,44,149.6,108.9,146.3,1.0806,0.0858,IMG_5117.jpg,69.1,294137,0.976,323.1,1100,cellpose,0.688,825
414.8,414.0,0.029,103,350.2,123.9,122.3,1.105,0.1453,IMG_5118.jpg,85.0,294137,0.983,322.9,1100,cellpose,0.688,825
388.0,378.0,0.018,111,372.5,125.5,116.3,1.1506,0.1446,IMG_5119.jpg,86.0,297965,0.98,324.7,1100,cellpose,0.688,825
517.6,501.0,0.0,55,187.0,109.1,145.8,1.1276,0.0968,IMG_5120.jpg,67.4,294137,0.976,322.6,1100,cellpose,0.688,825
409.8,404.5,0.041,146,496.4,129.1,110.7,1.2629,0.2034,IMG_5143.jpg,114.2,294137,0.977,322.8,1100,cellpose,0.688,825
650.5,662.5,0.041,74,251.6,114.2,134.3,1.2049,0.1637,IMG_5144.jpg,76.4,294137,0.977,323.1,1100,cellpose,0.688,825
427.4,425.5,0.0,54,183.6,121.2,124.2,0.9585,0.0785,IMG_5145.jpg,73.1,294137,0.988,322.2,1100,cellpose,0.688,825
441.3,442.0,0.023,43,147.2,118.4,130.4,1.0566,0.0649,IMG_5146.jpg,77.3,292201,0.986,321.9,1100,cellpose,0.688,825
477.5,459.0,0.0,84,289.4,106.0,152.6,1.2029,0.1382,IMG_5147.jpg,87.5,290273,0.982,320.5,1100,cellpose,0.688,825
450.3,453.5,0.024,82,284.3,117.2,128.6,1.0907,0.128,IMG_5148.jpg,74.3,288413,0.984,319.3,1100,cellpose,0.688,825
628.0,630.0,0.0,65,225.4,102.8,154.5,1.1763,0.1415,IMG_5149.jpg,72.4,288413,0.975,319.8,1100,cellpose,0.688,825
481.3,474.0,0.0,67,232.3,108.4,149.6,1.0322,0.1118,IMG_5150.jpg,84.3,288413,0.985,319.4,1100,cellpose,0.688,825
482.6,458.0,0.019,52,179.1,115.5,135.1,1.0532,0.0865,IMG_5151.jpg,76.2,290273,0.987,320.2,1100,cellpose,0.688,825
369.6,290.0,0.028,36,124.0,126.9,122.6,0.7445,0.0458,IMG_5152.jpg,70.4,290273,0.983,320.4,1100,cellpose,0.688,825
601.7,586.0,0.0,21,71.9,103.3,158.1,1.0025,0.0432,IMG_5153.jpg,55.0,292201,0.984,321.6,1100,cellpose,0.688,825
264.8,257.0,0.019,317,1287.3,148.1,110.9,1.4774,0.3409,IMG_5154.jpg,64.8,246253,0.963,295.1,1100,cellpose,0.688,825
404.7,404.0,0.069,173,592.1,118.0,114.7,1.2925,0.2396,IMG_5155.jpg,133.1,292201,0.974,321.7,1100,cellpose,0.688,825
340.6,314.0,0.058,103,354.8,125.7,113.8,1.1578,0.1208,IMG_5156.jpg,113.0,290273,0.968,321.0,1100,cellpose,0.688,825
251.6,243.0,0.02,345,1431.5,133.8,114.4,1.5018,0.3602,IMG_5157.jpg,56.5,241009,0.963,291.8,1100,cellpose,0.688,825
360.7,350.5,0.038,210,877.6,119.2,118.3,1.34,0.3166,IMG_5158.jpg,106.1,239277,0.975,291.3,1100,cellpose,0.688,825
403.1,394.0,0.03,236,823.9,112.8,123.3,1.4691,0.3321,IMG_5159.jpg,112.6,286453,0.976,318.2,1100,cellpose,0.688,825
378.3,379.0,0.012,243,837.1,116.0,121.0,1.4343,0.3167,IMG_5160.jpg,136.3,290273,0.978,320.6,1100,cellpose,0.688,825
385.6,386.0,0.014,209,715.3,117.7,119.7,1.328,0.2758,IMG_5161.jpg,142.0,292201,0.976,321.7,1100,cellpose,0.688,825
455.4,451.5,0.013,380,1309.1,119.8,121.2,1.6453,0.5962,IMG_5162.jpg,161.7,290273,0.976,320.3,1100,cellpose,0.688,825
477.3,473.5,0.019,372,1281.6,122.8,118.3,1.6422,0.6117,IMG_5163.jpg,161.6,290273,0.975,320.6,1100,cellpose,0.688,825
401.4,393.0,0.011,351,1193.3,122.7,112.0,1.5909,0.479,IMG_5164.jpg,169.5,294137,0.974,322.3,1100,cellpose,0.688,825
394.3,389.0,0.011,350,1221.8,124.7,110.4,1.5759,0.4817,IMG_5165.jpg,176.9,286453,0.973,318.2,1100,cellpose,0.688,825
407.6,403.0,0.016,428,1484.0,123.7,112.5,1.6686,0.6049,IMG_5166.jpg,181.2,288413,0.978,319.5,1100,cellpose,0.688,825
394.2,393.0,0.019,216,739.2,121.6,114.9,1.4168,0.2914,IMG_5190.jpg,146.1,292201,0.974,321.1,1100,cellpose,0.688,825
409.1,404.5,0.008,384,1305.5,129.3,108.9,1.6332,0.5341,IMG_5191.jpg,161.0,294137,0.975,323.0,1100,cellpose,0.688,825
402.8,394.0,0.009,437,1505.5,126.3,113.6,1.6896,0.6064,IMG_5192.jpg,178.5,290273,0.979,320.8,1100,cellpose,0.688,825
404.3,397.0,0.014,291,989.3,123.4,114.5,1.5146,0.3999,IMG_5193.jpg,136.1,294137,0.977,322.7,1100,cellpose,0.688,825
398.8,389.0,0.006,327,1126.5,125.9,111.9,1.5862,0.4493,IMG_5194.jpg,153.6,290273,0.975,320.9,1100,cellpose,0.688,825
446.1,441.0,0.011,373,1285.0,125.0,120.1,1.6567,0.5733,IMG_5195.jpg,146.4,290273,0.974,320.7,1100,cellpose,0.688,825
416.5,410.0,0.013,307,1050.6,124.5,112.1,1.5896,0.4376,IMG_5196.jpg,153.2,292201,0.976,321.1,1100,cellpose,0.688,825
412.9,401.0,0.007,400,1378.0,123.3,120.1,1.7169,0.5689,IMG_5197.jpg,174.0,290273,0.978,320.6,1100,cellpose,0.688,825
401.1,398.5,0.011,284,978.4,124.0,113.5,1.5656,0.3925,IMG_5198.jpg,149.8,290273,0.975,320.7,1100,cellpose,0.688,825
405.7,401.5,0.003,338,1156.7,117.9,120.7,1.6131,0.4693,IMG_5199.jpg,149.5,292201,0.975,322.1,1100,cellpose,0.688,825
415.1,405.0,0.005,395,1342.9,117.2,120.2,1.6803,0.5575,IMG_5200.jpg,162.5,294137,0.976,322.9,1100,cellpose,0.688,825
431.3,429.0,0.002,444,1509.5,120.0,121.7,1.7536,0.651,IMG_5201.jpg,183.0,294137,0.978,322.6,1100,cellpose,0.688,825
524.4,514.0,0.0,113,391.8,108.1,150.0,1.2389,0.2054,IMG_5202.jpg,90.0,288413,0.976,319.7,1100,cellpose,0.688,825
524.2,521.0,0.0,117,411.2,109.6,148.0,1.2989,0.2155,IMG_5203.jpg,88.1,284565,0.971,317.8,1100,cellpose,0.688,825
561.4,561.5,0.0,98,335.4,110.6,146.9,1.2776,0.1883,IMG_5204.jpg,74.0,292201,0.975,321.4,1100,cellpose,0.688,825
554.9,563.0,0.013,80,279.3,108.9,151.7,1.3052,0.155,IMG_5205.jpg,81.1,286453,0.979,318.5,1100,cellpose,0.688,825
535.8,515.5,0.0,88,307.2,105.8,152.8,1.3307,0.1646,IMG_5206.jpg,68.0,286453,0.976,318.6,1100,cellpose,0.688,825
537.3,520.5,0.0,82,280.6,105.3,152.0,1.2006,0.1508,IMG_5207.jpg,77.2,292201,0.979,322.1,1100,cellpose,0.688,825
526.5,500.0,0.0,74,256.6,107.8,153.9,1.1511,0.1351,IMG_5208.jpg,73.4,288413,0.978,319.5,1100,cellpose,0.688,825
505.8,486.5,0.009,106,372.5,107.7,146.8,1.2821,0.1884,IMG_5209.jpg,72.5,284565,0.971,317.7,1100,cellpose,0.688,825
493.7,499.0,0.0,117,403.1,102.4,154.3,1.3005,0.199,IMG_5210.jpg,72.5,290273,0.974,320.5,1100,cellpose,0.688,825
487.4,485.0,0.0,105,359.3,109.6,150.2,1.2045,0.1752,IMG_5211.jpg,79.0,292201,0.977,321.3,1100,cellpose,0.688,825
459.9,454.0,0.0,147,509.7,111.8,142.5,1.2942,0.2344,IMG_5212.jpg,96.5,288413,0.981,319.6,1100,cellpose,0.688,825
462.2,464.0,0.0,130,447.9,111.8,142.6,1.2463,0.207,IMG_5213.jpg,105.6,290273,0.978,320.7,1100,cellpose,0.688,825
454.0,462.5,0.008,120,418.9,111.8,143.2,1.2507,0.1902,IMG_5214.jpg,88.0,286453,0.981,318.8,1100,cellpose,0.688,825
471.7,443.5,0.0,118,411.9,115.6,135.8,1.2507,0.1943,IMG_5215.jpg,88.0,286453,0.982,318.3,1100,cellpose,0.688,825
420.3,420.5,0.042,118,403.8,125.7,116.8,1.2466,0.1697,IMG_5216.jpg,83.3,292201,0.98,321.1,1100,cellpose,0.688,825
469.8,470.0,0.0,93,322.5,117.4,137.9,1.1953,0.1515,IMG_5217.jpg,90.6,288413,0.984,319.9,1100,cellpose,0.688,825
447.5,441.5,0.008,118,403.8,119.6,131.7,1.2612,0.1807,IMG_5218.jpg,93.8,292201,0.981,321.1,1100,cellpose,0.688,825
498.3,481.5,0.03,66,227.4,112.8,141.3,1.1729,0.1133,IMG_5252.jpg,87.8,290273,0.977,320.3,1100,cellpose,0.688,825
502.4,479.0,0.048,62,215.0,112.2,139.9,1.1279,0.108,IMG_5253.jpg,89.0,288413,0.978,319.2,1100,cellpose,0.688,825
408.1,398.0,0.031,131,445.4,125.0,118.3,1.2511,0.1818,IMG_5254.jpg,126.9,294137,0.973,322.6,1100,cellpose,0.688,825
394.9,401.0,0.022,139,478.9,121.4,119.6,1.1935,0.1891,IMG_5255.jpg,107.7,290273,0.972,320.7,1100,cellpose,0.688,825
429.1,425.0,0.019,159,537.1,115.6,133.0,1.2429,0.2305,IMG_5256.jpg,118.9,296025,0.968,323.3,1100,cellpose,0.688,825
418.0,390.5,0.023,130,447.9,120.1,124.4,1.1967,0.1872,IMG_5257.jpg,119.9,290273,0.969,320.7,1100,cellpose,0.688,825
545.0,423.0,0.036,55,190.7,112.7,131.5,1.1805,0.1039,IMG_5258.jpg,56.2,288413,0.965,319.7,1100,cellpose,0.688,825
356.6,328.0,0.026,117,439.8,126.6,121.3,1.2093,0.1568,IMG_5259.jpg,93.4,266025,0.979,307.0,1100,cellpose,0.688,825
358.4,332.5,0.034,118,443.6,125.2,122.2,1.1999,0.159,IMG_5260.jpg,92.0,266025,0.978,306.9,1100,cellpose,0.688,825
386.3,383.0,0.024,127,431.8,118.2,127.3,1.1809,0.1668,IMG_5261.jpg,113.6,294137,0.973,322.6,1100,cellpose,0.688,825
286.8,265.0,0.061,49,165.5,143.3,106.5,1.0574,0.0475,IMG_5262.jpg,108.7,296025,0.973,323.9,1100,cellpose,0.688,825
350.5,325.0,0.073,55,188.2,125.5,112.6,1.0224,0.066,IMG_5263.jpg,104.6,292201,0.972,321.5,1100,cellpose,0.688,825
396.8,384.0,0.014,141,482.5,119.0,129.9,1.1241,0.1915,IMG_5264.jpg,128.1,292201,0.973,321.3,1100,cellpose,0.688,825
384.1,378.0,0.021,95,320.9,128.8,112.3,1.1024,0.1233,IMG_5265.jpg,123.0,296025,0.974,323.3,1100,cellpose,0.688,825
312.5,271.0,0.0,19,65.9,148.4,108.2,0.8201,0.0206,IMG_5274.jpg,74.0,288413,0.981,319.8,1100,cellpose,0.688,825
438.5,449.0,0.0,52,180.3,122.2,132.9,0.9276,0.0791,IMG_5275.jpg,81.7,288413,0.98,319.4,1100,cellpose,0.688,825
395.3,415.0,0.0,31,107.5,128.5,123.9,0.9285,0.0425,IMG_5276.jpg,78.0,288413,0.983,319.6,1100,cellpose,0.688,825
462.9,447.5,0.0,70,242.7,114.8,139.2,1.0521,0.1123,IMG_5277.jpg,85.3,288413,0.968,319.8,1100,cellpose,0.688,825
487.3,450.0,0.022,92,316.9,113.1,142.2,1.1455,0.1544,IMG_5278.jpg,86.2,290273,0.975,320.5,1100,cellpose,0.688,825
469.9,449.0,0.013,79,275.8,116.8,132.3,1.037,0.1296,IMG_5279.jpg,92.0,286453,0.977,318.9,1100,cellpose,0.688,825
337.1,283.0,0.119,67,233.9,126.3,116.1,0.9489,0.0788,IMG_5280.jpg,98.7,286453,0.977,318.9,1100,cellpose,0.688,825
363.6,347.0,0.113,53,185.0,126.5,113.1,1.0181,0.0673,IMG_5281.jpg,90.6,286453,0.974,318.0,1100,cellpose,0.688,825
472.2,490.0,0.029,69,237.7,127.9,117.0,1.0615,0.1123,IMG_5282.jpg,87.9,290273,0.982,320.4,1100,cellpose,0.688,825
430.2,422.0,0.0,86,298.2,116.2,131.1,1.1216,0.1283,IMG_5283.jpg,97.7,288413,0.976,319.5,1100,cellpose,0.688,825
419.4,413.0,0.013,76,263.5,123.9,117.8,1.13,0.1105,IMG_5284.jpg,98.4,288413,0.978,319.3,1100,cellpose,0.688,825
378.8,339.5,0.078,90,312.1,125.9,112.6,0.9978,0.1182,IMG_5285.jpg,90.1,288413,0.98,319.2,1100,cellpose,0.688,825
396.1,396.0,0.039,76,261.8,128.1,110.4,1.1302,0.1037,IMG_5286.jpg,94.7,290273,0.979,320.3,1100,cellpose,0.688,825
413.0,411.5,0.022,180,620.1,118.1,132.2,1.2494,0.2561,IMG_5287.jpg,106.2,290273,0.976,320.6,1100,cellpose,0.688,825
410.5,409.0,0.027,111,382.4,118.7,131.9,1.0854,0.157,IMG_5288.jpg,89.2,290273,0.978,320.9,1100,cellpose,0.688,825
411.1,408.5,0.0,92,316.9,124.0,126.7,1.0212,0.1303,IMG_5289.jpg,81.3,290273,0.98,320.7,1100,cellpose,0.688,825
468.4,463.5,0.0,94,325.9,113.8,141.8,1.0461,0.1527,IMG_5290.jpg,84.0,288413,0.975,319.0,1100,cellpose,0.688,825
378.3,349.0,0.122,49,167.7,137.7,102.7,0.9339,0.0634,IMG_5291.jpg,81.7,292201,0.978,321.6,1100,cellpose,0.688,825
272.2,267.0,0.034,87,301.7,146.0,97.4,0.954,0.0821,IMG_5292.jpg,57.5,288413,0.974,319.4,1100,cellpose,0.688,825
365.0,354.0,0.0,50,173.4,130.5,118.2,0.9603,0.0633,IMG_5293.jpg,84.8,288413,0.981,319.2,1100,cellpose,0.688,825
395.1,371.0,0.0,112,388.3,120.4,125.2,1.1646,0.1534,IMG_5294.jpg,112.3,288413,0.98,319.3,1100,cellpose,0.688,825
345.9,316.5,0.034,58,201.1,125.1,114.4,0.8117,0.0696,IMG_5295.jpg,82.9,288413,0.976,319.4,1100,cellpose,0.688,825
415.4,446.0,0.028,36,118.5,142.6,95.0,0.9622,0.0492,IMG_5319.jpg,81.2,303809,0.987,328.0,1100,cellpose,0.688,825
245.9,206.0,0.036,28,95.8,142.1,94.1,0.8313,0.0236,IMG_5320.jpg,78.8,292201,0.982,321.6,1100,cellpose,0.688,825
471.5,469.0,0.0,35,118.2,142.2,96.1,1.0237,0.0557,IMG_5321.jpg,72.7,296025,0.983,323.7,1100,cellpose,0.688,825
558.5,568.0,0.0,32,108.8,129.9,116.5,1.2554,0.0608,IMG_5322.jpg,75.6,294137,0.983,323.1,1100,cellpose,0.688,825
276.4,221.0,0.135,37,126.6,150.0,87.6,0.7196,0.035,IMG_5323.jpg,65.7,292201,0.982,321.3,1100,cellpose,0.688,825
315.1,226.0,0.083,24,82.1,147.0,93.3,0.7526,0.0259,IMG_5324.jpg,77.5,292201,0.983,321.4,1100,cellpose,0.688,825
496.5,532.0,0.0,31,105.4,128.9,123.4,0.9251,0.0523,IMG_5325.jpg,83.3,294137,0.977,322.3,1100,cellpose,0.688,825
438.2,415.0,0.0,31,104.7,132.8,111.9,1.0779,0.0459,IMG_5326.jpg,89.3,296025,0.98,323.8,1100,cellpose,0.688,825
468.6,486.0,0.0,31,106.1,128.2,118.8,0.9733,0.0497,IMG_5327.jpg,76.7,292201,0.979,321.5,1100,cellpose,0.688,825
486.4,468.0,0.023,43,154.1,120.4,124.9,1.1011,0.075,IMG_5345.jpg,95.4,278985,0.984,314.4,1100,cellpose,0.688,825
407.1,405.0,0.03,33,116.7,148.5,95.9,1.0083,0.0475,IMG_5346.jpg,106.7,282697,0.983,316.0,1100,cellpose,0.688,825
350.0,316.5,0.16,50,174.5,150.3,91.9,0.7059,0.0611,IMG_5347.jpg,99.1,286453,0.986,318.9,1100,cellpose,0.688,825
521.5,509.0,0.0,40,140.6,127.5,131.6,1.0592,0.0733,IMG_5348.jpg,94.9,284565,0.986,317.9,1100,cellpose,0.688,825
491.9,494.0,0.023,44,154.6,128.2,129.8,0.985,0.0761,IMG_5349.jpg,82.9,284565,0.97,316.9,1100,cellpose,0.688,825
572.4,566.0,0.0,48,169.8,124.0,132.3,1.1257,0.0972,IMG_5350.jpg,91.4,282697,0.982,315.9,1100,cellpose,0.688,825
623.5,659.0,0.0,35,122.2,129.3,129.3,1.1441,0.0762,IMG_5351.jpg,103.6,286453,0.978,318.0,1100,cellpose,0.688,825
601.3,610.0,0.0,32,113.2,131.0,120.4,1.1227,0.0681,IMG_5352.jpg,94.4,282697,0.984,316.5,1100,cellpose,0.688,825
626.0,663.0,0.0,23,80.8,133.9,115.6,1.3712,0.0506,IMG_5353.jpg,92.4,284565,0.978,317.3,1100,cellpose,0.688,825
416.9,416.0,0.0,39,138.9,142.3,99.5,1.0222,0.0579,IMG_5354.jpg,108.3,280817,0.987,315.7,1100,cellpose,0.688,825
353.9,319.5,0.0,36,126.5,146.2,94.1,0.8501,0.0448,IMG_5355.jpg,99.7,284565,0.985,317.4,1100,cellpose,0.688,825
517.3,518.5,0.0,26,90.8,144.4,96.1,1.1256,0.047,IMG_5356.jpg,91.1,286453,0.986,318.5,1100,cellpose,0.688,825
556.3,566.0,0.0,51,181.6,109.3,151.2,1.0592,0.101,IMG_5376.jpg,88.7,280817,0.985,315.5,1100,cellpose,0.688,825
542.8,567.0,0.02,50,179.2,110.2,150.6,1.0412,0.0973,IMG_5377.jpg,75.3,278985,0.983,314.2,1100,cellpose,0.688,825
399.0,362.0,0.071,85,302.7,125.7,117.0,1.0649,0.1208,IMG_5378.jpg,80.8,280817,0.982,315.6,1100,cellpose,0.688,825
429.0,432.0,0.029,103,366.8,123.8,117.4,1.1296,0.1573,IMG_5379.jpg,99.2,280817,0.982,314.9,1100,cellpose,0.688,825
416.2,422.0,0.017,117,419.4,115.4,127.7,1.2166,0.1745,IMG_5380.jpg,98.7,278985,0.981,314.5,1100,cellpose,0.688,825
441.9,435.0,0.0,115,409.5,121.9,117.9,1.2199,0.181,IMG_5381.jpg,107.4,280817,0.982,315.3,1100,cellpose,0.688,825
433.0,435.0,0.018,109,383.0,116.9,122.9,1.2562,0.1659,IMG_5382.jpg,87.5,284565,0.982,317.1,1100,cellpose,0.688,825
418.0,429.0,0.016,127,452.3,117.7,122.4,1.2329,0.1891,IMG_5383.jpg,90.1,280817,0.978,315.5,1100,cellpose,0.688,825
458.4,462.0,0.0,109,388.2,112.6,133.7,1.1806,0.1779,IMG_5384.jpg,96.3,280817,0.978,315.5,1100,cellpose,0.688,825
453.6,448.5,0.0,128,449.8,113.4,133.8,1.2836,0.204,IMG_5385.jpg,100.1,284565,0.98,317.0,1100,cellpose,0.688,825
432.0,432.0,0.0,143,505.8,112.5,134.2,1.2658,0.2185,IMG_5386.jpg,114.7,282697,0.979,316.7,1100,cellpose,0.688,825
425.8,429.5,0.014,142,499.0,113.8,129.2,1.2165,0.2125,IMG_5387.jpg,108.5,284565,0.979,317.1,1100,cellpose,0.688,825
427.3,426.5,0.013,80,281.1,131.2,105.8,1.2133,0.1201,IMG_5388.jpg,81.5,284565,0.982,317.3,1100,cellpose,0.688,825
408.8,415.0,0.028,72,253.0,135.4,99.4,0.9879,0.1034,IMG_5389.jpg,74.2,284565,0.983,317.3,1100,cellpose,0.688,825
417.7,423.0,0.0,73,256.5,121.1,129.4,1.102,0.1072,IMG_5390.jpg,73.6,284565,0.978,317.5,1100,cellpose,0.688,825
482.0,485.0,0.0,83,295.6,117.5,143.8,1.1296,0.1425,IMG_5391.jpg,80.6,280817,0.976,315.4,1100,cellpose,0.688,825
472.3,471.0,0.0,93,326.8,117.2,141.5,1.1388,0.1544,IMG_5392.jpg,96.9,284565,0.979,317.9,1100,cellpose,0.688,825
438.8,419.5,0.0,64,229.4,125.3,130.6,1.0503,0.1007,IMG_5393.jpg,76.0,278985,0.985,314.5,1100,cellpose,0.688,825
354.4,324.0,0.071,84,299.1,131.2,111.9,0.9832,0.106,IMG_5394.jpg,83.3,280817,0.982,315.1,1100,cellpose,0.688,825
393.5,394.5,0.031,64,227.9,131.8,106.5,1.0555,0.0897,IMG_5395.jpg,79.8,280817,0.981,315.3,1100,cellpose,0.688,825
403.9,414.0,0.015,67,237.0,132.2,103.5,1.1662,0.0957,IMG_5396.jpg,74.8,282697,0.983,316.4,1100,cellpose,0.688,825
452.6,465.0,0.041,73,256.5,121.8,117.7,1.2287,0.1161,IMG_5397.jpg,90.8,284565,0.979,317.1,1100,cellpose,0.688,825
479.9,455.0,0.0,71,251.2,111.8,144.4,1.1778,0.1205,IMG_5398.jpg,88.8,282697,0.977,316.8,1100,cellpose,0.688,825
450.3,466.5,0.009,106,372.5,128.7,106.3,1.2241,0.1678,IMG_5399.jpg,104.3,284565,0.983,317.0,1100,cellpose,0.688,825
447.5,459.5,0.009,106,372.5,129.3,106.3,1.199,0.1667,IMG_5400.jpg,101.4,284565,0.98,316.9,1100,cellpose,0.688,825
433.7,434.0,0.044,91,317.7,126.1,108.6,1.0637,0.1378,IMG_5401.jpg,97.4,286453,0.98,317.9,1100,cellpose,0.688,825
393.6,404.0,0.02,98,392.4,136.9,105.0,1.2141,0.1544,IMG_5402.jpg,60.1,249773,0.983,297.5,1100,cellpose,0.688,825
433.9,426.0,0.011,180,628.4,125.8,121.9,1.2537,0.2726,IMG_5403.jpg,120.4,286453,0.976,318.6,1100,cellpose,0.688,825
446.9,456.0,0.043,115,404.1,133.2,103.5,1.2458,0.1806,IMG_5404.jpg,112.3,284565,0.98,317.6,1100,cellpose,0.688,825
444.2,449.0,0.007,139,491.7,134.1,103.0,1.3603,0.2184,IMG_5405.jpg,107.3,282697,0.982,316.6,1100,cellpose,0.688,825
355.6,312.0,0.037,82,288.2,136.4,104.7,0.9992,0.1025,IMG_5406.jpg,97.9,284565,0.983,317.7,1100,cellpose,0.688,825
461.4,432.0,0.0,127,443.4,114.3,135.2,1.2767,0.2046,IMG_5407.jpg,101.1,286453,0.981,318.3,1100,cellpose,0.688,825
547.6,560.0,0.0,56,196.8,124.7,134.6,1.2004,0.1078,IMG_5408.jpg,90.1,284565,0.984,317.7,1100,cellpose,0.688,825
463.1,487.0,0.024,82,286.3,138.9,98.6,1.0723,0.1326,IMG_5409.jpg,91.9,286453,0.982,318.8,1100,cellpose,0.688,825
461.3,446.0,0.008,119,415.4,133.0,106.9,1.2549,0.1916,IMG_5410.jpg,108.4,286453,0.977,318.7,1100,cellpose,0.688,825
410.8,416.0,0.005,182,639.6,129.1,115.9,1.2358,0.2627,IMG_5411.jpg,121.1,284565,0.977,317.8,1100,cellpose,0.688,825
457.8,478.0,0.0,65,223.9,111.6,128.3,1.0818,0.1025,IMG_5431.jpg,80.9,290273,0.987,321.0,1100,cellpose,0.688,825
518.1,503.5,0.0,72,246.4,105.7,144.3,1.1349,0.1277,IMG_5432.jpg,83.2,292201,0.98,321.7,1100,cellpose,0.688,825
512.8,491.0,0.011,89,304.6,104.0,147.7,1.1149,0.1562,IMG_5433.jpg,76.8,292201,0.981,321.5,1100,cellpose,0.688,825
429.6,422.0,0.014,73,249.8,119.8,127.0,1.0935,0.1073,IMG_5434.jpg,83.3,292201,0.986,321.2,1100,cellpose,0.688,825
494.8,495.5,0.011,90,308.0,103.2,149.2,1.1937,0.1524,IMG_5435.jpg,84.0,292201,0.976,321.8,1100,cellpose,0.688,825
414.2,420.0,0.037,54,186.0,115.6,127.3,1.0189,0.0771,IMG_5436.jpg,79.5,290273,0.988,321.0,1100,cellpose,0.688,825
350.0,269.0,0.071,70,239.6,127.7,114.9,0.8879,0.0839,IMG_5437.jpg,82.5,292201,0.985,321.5,1100,cellpose,0.688,825
381.7,376.0,0.03,67,229.3,129.1,119.4,1.1698,0.0875,IMG_5438.jpg,83.0,292201,0.985,321.7,1100,cellpose,0.688,825
496.2,481.0,0.0,71,243.0,118.1,138.4,1.0386,0.1206,IMG_5439.jpg,78.3,292201,0.985,321.5,1100,cellpose,0.688,825
523.1,510.5,0.017,58,198.5,116.3,138.6,1.0257,0.1038,IMG_5440.jpg,72.9,292201,0.985,321.5,1100,cellpose,0.688,825
310.7,273.5,0.076,66,225.9,128.9,112.7,0.8917,0.0702,IMG_5441.jpg,73.3,292201,0.985,321.4,1100,cellpose,0.688,825
398.6,417.0,0.037,54,184.8,126.0,120.6,0.9865,0.0737,IMG_5442.jpg,75.2,292201,0.983,321.8,1100,cellpose,0.688,825
329.2,284.5,0.023,88,301.2,132.5,113.2,0.808,0.0991,IMG_5443.jpg,71.5,292201,0.985,321.5,1100,cellpose,0.688,825
441.8,434.0,0.027,73,249.8,118.5,138.4,1.0304,0.1104,IMG_5444.jpg,74.9,292201,0.984,321.6,1100,cellpose,0.688,825
395.3,389.0,0.017,115,386.0,133.1,112.6,1.1477,0.1526,IMG_5445.jpg,130.8,297965,0.979,325.2,1100,cellpose,0.688,825
485.4,464.0,0.01,97,329.8,118.7,132.6,1.1698,0.1601,IMG_5446.jpg,86.5,294137,0.978,322.7,1100,cellpose,0.688,825
429.9,413.5,0.009,114,387.6,123.1,129.6,1.1477,0.1666,IMG_5447.jpg,88.3,294137,0.982,322.4,1100,cellpose,0.688,825
335.4,305.0,0.041,73,248.2,134.9,107.3,0.9539,0.0832,IMG_5448.jpg,78.8,294137,0.979,322.9,1100,cellpose,0.688,825
412.0,432.0,0.027,73,248.2,126.7,114.8,1.1827,0.1023,IMG_5449.jpg,91.4,294137,0.98,322.3,1100,cellpose,0.688,825
334.3,293.0,0.04,101,343.4,130.5,110.9,1.0318,0.1148,IMG_5450.jpg,95.0,294137,0.981,322.6,1100,cellpose,0.688,825
487.1,470.0,0.036,110,374.0,111.0,141.8,1.2186,0.1822,IMG_5451.jpg,98.2,294137,0.978,322.5,1100,cellpose,0.688,825
488.6,462.0,0.0,129,441.5,111.2,139.8,1.3035,0.2157,IMG_5452.jpg,94.9,292201,0.972,322.1,1100,cellpose,0.688,825
434.4,401.0,0.006,165,550.3,122.0,124.6,1.2616,0.239,IMG_5490.jpg,145.6,299861,0.979,326.3,1100,cellpose,0.688,825
397.7,391.0,0.03,165,550.3,130.0,120.8,1.2691,0.2189,IMG_5491.jpg,125.2,299861,0.982,325.8,1100,cellpose,0.688,825
392.8,400.0,0.041,123,410.2,130.4,115.9,1.2382,0.1611,IMG_5492.jpg,134.5,299861,0.982,325.8,1100,cellpose,0.688,825
414.9,403.0,0.014,141,470.2,126.8,125.6,1.184,0.1951,IMG_5493.jpg,130.9,299861,0.983,326.0,1100,cellpose,0.688,825
414.5,392.0,0.021,142,470.4,128.4,119.6,1.2394,0.195,IMG_5494.jpg,143.8,301893,0.979,326.7,1100,cellpose,0.688,825
417.7,400.0,0.012,163,539.9,125.9,116.6,1.2196,0.2255,IMG_5495.jpg,131.3,301893,0.977,327.4,1100,cellpose,0.688,825
292.3,268.0,0.132,106,353.5,139.0,99.4,0.9459,0.1033,IMG_5496.jpg,111.9,299861,0.977,326.3,1100,cellpose,0.688,825
283.8,269.0,0.046,108,357.7,135.6,102.5,1.0147,0.1015,IMG_5497.jpg,132.4,301893,0.977,326.8,1100,cellpose,0.688,825
324.7,269.0,0.067,135,447.2,133.6,100.8,1.122,0.1452,IMG_5498.jpg,128.3,301893,0.979,326.5,1100,cellpose,0.688,825
321.1,287.5,0.125,64,210.7,138.6,99.8,1.2171,0.0676,IMG_5499.jpg,120.2,303809,0.974,327.5,1100,cellpose,0.688,825
301.3,265.0,0.097,72,238.5,143.4,99.1,1.0255,0.0719,IMG_5500.jpg,106.7,301893,0.977,326.9,1100,cellpose,0.688,825
303.2,267.0,0.064,110,364.4,134.4,109.3,0.9808,0.1105,IMG_5501.jpg,106.8,301893,0.977,326.5,1100,cellpose,0.688,825
321.1,290.0,0.062,81,268.3,138.0,109.2,0.9646,0.0861,IMG_5502.jpg,101.4,301893,0.977,326.8,1100,cellpose,0.688,825
355.7,266.0,0.057,70,233.4,137.6,104.5,0.938,0.083,IMG_5503.jpg,120.6,299861,0.982,325.6,1100,cellpose,0.688,825
291.2,252.0,0.09,67,223.4,141.4,100.7,1.0209,0.0651,IMG_5504.jpg,113.7,299861,0.979,325.9,1100,cellpose,0.688,825
476.1,445.0,0.045,88,295.3,127.4,122.0,1.0207,0.1406,IMG_5505.jpg,125.2,297965,0.983,325.0,1100,cellpose,0.688,825
560.4,533.0,0.023,43,144.3,124.0,132.6,0.947,0.0809,IMG_5506.jpg,117.1,297965,0.981,325.2,1100,cellpose,0.688,825
572.7,587.0,0.034,29,97.3,128.7,123.1,0.9937,0.0557,IMG_5507.jpg,109.4,297965,0.982,324.5,1100,cellpose,0.688,825
452.3,446.5,0.026,76,255.1,128.2,124.9,1.0145,0.1154,IMG_5508.jpg,124.9,297965,0.984,324.8,1100,cellpose,0.688,825
344.4,317.0,0.028,72,240.1,140.5,101.0,1.0014,0.0827,IMG_5509.jpg,113.0,299861,0.98,325.8,1100,cellpose,0.688,825
467.4,467.0,0.009,106,355.7,123.6,130.7,1.1329,0.1663,IMG_5510.jpg,132.1,297965,0.98,325.2,1100,cellpose,0.688,825
544.2,539.0,0.011,87,292.0,122.8,131.1,1.2292,0.1589,IMG_5511.jpg,118.8,297965,0.979,325.2,1100,cellpose,0.688,825
535.3,538.0,0.035,86,286.8,122.1,130.9,1.2291,0.1535,IMG_5512.jpg,115.8,299861,0.977,325.3,1100,cellpose,0.688,825
515.8,505.0,0.027,75,250.1,120.7,129.0,1.0342,0.129,IMG_5513.jpg,108.7,299861,0.977,325.4,1100,cellpose,0.688,825
473.4,473.5,0.0,100,335.6,125.3,128.9,1.1614,0.1589,IMG_5514.jpg,118.0,297965,0.981,324.9,1100,cellpose,0.688,825
403.2,413.0,0.006,175,583.6,129.2,109.3,1.3054,0.2353,IMG_5542.jpg,149.5,299861,0.979,325.8,1100,cellpose,0.688,825
423.3,409.5,0.004,274,913.8,123.4,123.4,1.4578,0.3868,IMG_5543.jpg,147.5,299861,0.974,326.3,1100,cellpose,0.688,825
446.9,426.0,0.0,170,570.5,115.3,131.6,1.3196,0.255,IMG_5544.jpg,137.1,297965,0.975,325.0,1100,cellpose,0.688,825
442.8,432.0,0.008,259,863.7,119.0,129.0,1.4904,0.3825,IMG_5545.jpg,154.3,299861,0.977,325.9,1100,cellpose,0.688,825
419.1,407.0,0.008,241,803.7,121.8,123.5,1.4197,0.3369,IMG_5546.jpg,156.6,299861,0.976,326.1,1100,cellpose,0.688,825
406.0,394.0,0.0,258,860.4,130.9,112.6,1.4285,0.3493,IMG_5547.jpg,166.3,299861,0.979,325.8,1100,cellpose,0.688,825
398.3,374.0,0.0,211,703.7,126.3,114.7,1.3851,0.2803,IMG_5548.jpg,152.7,299861,0.982,325.4,1100,cellpose,0.688,825
412.5,393.0,0.013,150,496.9,128.3,110.5,1.2768,0.205,IMG_5549.jpg,147.8,301893,0.974,326.3,1100,cellpose,0.688,825
391.0,386.5,0.0,196,649.2,127.6,114.6,1.3856,0.2538,IMG_5550.jpg,156.2,301893,0.976,326.4,1100,cellpose,0.688,825
391.3,375.0,0.003,299,997.1,124.4,121.4,1.4966,0.3902,IMG_5551.jpg,172.8,299861,0.977,326.1,1100,cellpose,0.688,825
394.4,393.0,0.0,292,973.8,125.9,117.3,1.4974,0.3841,IMG_5552.jpg,165.4,299861,0.976,326.2,1100,cellpose,0.688,825
413.2,398.0,0.003,301,1003.8,127.0,121.6,1.5112,0.4148,IMG_5553.jpg,134.7,299861,0.977,325.8,1100,cellpose,0.688,825
453.4,441.0,0.008,263,871.2,123.1,125.0,1.5071,0.395,IMG_5554.jpg,130.4,301893,0.974,326.4,1100,cellpose,0.688,825
418.1,396.0,0.004,283,943.8,122.2,125.7,1.4798,0.3946,IMG_5555.jpg,151.1,299861,0.976,325.8,1100,cellpose,0.688,825
455.5,455.0,0.0,282,940.4,121.8,124.2,1.5372,0.4283,IMG_5556.jpg,152.0,299861,0.977,325.4,1100,cellpose,0.688,825
377.6,352.5,0.03,134,446.9,128.6,116.5,1.2962,0.1687,IMG_5557.jpg,121.3,299861,0.978,326.1,1100,cellpose,0.688,825
434.7,435.0,0.013,229,778.5,114.6,126.8,1.4327,0.3384,IMG_5558.jpg,106.4,294137,0.974,323.0,1100,cellpose,0.688,825
441.8,444.0,0.012,255,866.9,116.5,129.3,1.4836,0.383,IMG_5559.jpg,118.1,294137,0.976,322.7,1100,cellpose,0.688,825
475.9,466.0,0.008,245,827.6,108.7,136.6,1.4977,0.3939,IMG_5560.jpg,99.5,296025,0.969,323.6,1100,cellpose,0.688,825
420.4,401.0,0.008,257,873.7,116.9,130.1,1.4942,0.3674,IMG_5561.jpg,121.6,294137,0.976,323.0,1100,cellpose,0.688,825
398.2,386.5,0.007,272,924.7,122.9,124.2,1.5292,0.3682,IMG_5562.jpg,114.2,294137,0.976,323.1,1100,cellpose,0.688,825
423.1,410.5,0.003,292,992.7,115.9,132.7,1.5555,0.42,IMG_5563.jpg,119.4,294137,0.975,322.4,1100,cellpose,0.688,825
402.7,377.0,0.007,299,1023.3,122.6,119.1,1.5536,0.4121,IMG_5564.jpg,130.7,292201,0.978,321.4,1100,cellpose,0.688,825
411.7,393.0,0.003,302,1033.5,120.4,121.7,1.5613,0.4255,IMG_5565.jpg,132.4,292201,0.973,321.6,1100,cellpose,0.688,825
395.5,382.0,0.0,329,1125.9,122.9,116.8,1.5976,0.4453,IMG_5566.jpg,137.5,292201,0.975,321.8,1100,cellpose,0.688,825
413.0,410.0,0.0,317,1084.9,119.1,123.8,1.5634,0.4481,IMG_5567.jpg,135.5,292201,0.974,321.3,1100,cellpose,0.688,825
407.0,406.0,0.017,242,828.2,121.6,117.2,1.5162,0.3371,IMG_5568.jpg,112.8,292201,0.975,321.1,1100,cellpose,0.688,825
382.5,362.0,0.041,195,667.3,124.6,112.8,1.3006,0.2553,IMG_5569.jpg,101.2,292201,0.976,321.2,1100,cellpose,0.688,825
369.3,360.0,0.055,164,561.3,124.4,113.7,1.22,0.2073,IMG_5570.jpg,103.0,292201,0.971,321.2,1100,cellpose,0.688,825
402.7,387.0,0.004,245,838.5,122.3,119.8,1.5014,0.3376,IMG_5571.jpg,122.0,292201,0.973,321.8,1100,cellpose,0.688,825
403.5,404.0,0.004,245,844.0,122.3,114.9,1.5162,0.3406,IMG_5572.jpg,120.7,290273,0.977,320.8,1100,cellpose,0.688,825
409.3,398.0,0.004,277,954.3,123.3,125.0,1.5539,0.3906,IMG_5573.jpg,135.6,290273,0.978,321.0,1100,cellpose,0.688,825
416.9,414.0,0.008,265,906.9,123.0,123.5,1.535,0.3781,IMG_5574.jpg,122.2,292201,0.975,321.3,1100,cellpose,0.688,825
412.5,397.0,0.003,323,1105.4,123.5,121.2,1.6122,0.456,IMG_5575.jpg,133.6,292201,0.975,321.7,1100,cellpose,0.688,825
397.7,397.0,0.01,210,723.5,121.1,119.6,1.4848,0.2877,IMG_5576.jpg,117.2,290273,0.976,321.0,1100,cellpose,0.688,825
366.0,348.5,0.129,140,479.1,124.7,116.3,1.2443,0.1754,IMG_5577.jpg,105.0,292201,0.971,321.1,1100,cellpose,0.688,825
398.0,392.0,0.005,371,1269.7,125.7,113.8,1.6802,0.5054,IMG_5578.jpg,141.7,292201,0.973,322.0,1100,cellpose,0.688,825
404.5,396.0,0.008,353,1208.1,126.2,116.7,1.6585,0.4887,IMG_5579.jpg,144.6,292201,0.975,321.4,1100,cellpose,0.688,825
394.8,375.0,0.009,338,1156.7,125.3,119.1,1.6377,0.4567,IMG_5580.jpg,141.8,292201,0.975,321.4,1100,cellpose,0.688,825
422.5,405.0,0.0,286,978.8,121.2,129.3,1.5627,0.4135,IMG_5581.jpg,133.3,292201,0.977,321.3,1100,cellpose,0.688,825
415.6,402.0,0.0,225,764.9,116.3,133.5,1.3876,0.3179,IMG_5609.jpg,130.2,294137,0.974,322.3,1100,cellpose,0.688,825
442.5,435.5,0.005,222,749.9,116.2,134.8,1.3559,0.3319,IMG_5610.jpg,123.3,296025,0.973,323.4,1100,cellpose,0.688,825
439.5,442.0,0.005,214,727.6,113.8,138.7,1.3909,0.3198,IMG_5611.jpg,125.6,294137,0.974,322.9,1100,cellpose,0.688,825
451.4,430.0,0.006,161,551.0,110.1,146.9,1.2665,0.2487,IMG_5612.jpg,107.8,292201,0.976,321.9,1100,cellpose,0.688,825
471.8,461.0,0.007,151,513.4,112.2,144.4,1.2945,0.2422,IMG_5613.jpg,107.3,294137,0.976,322.7,1100,cellpose,0.688,825
414.1,402.5,0.0,174,591.6,119.5,126.1,1.2727,0.245,IMG_5614.jpg,117.4,294137,0.979,322.3,1100,cellpose,0.688,825
414.3,406.5,0.0,128,435.2,122.0,125.2,1.2534,0.1803,IMG_5615.jpg,107.8,294137,0.977,323.1,1100,cellpose,0.688,825
446.3,442.0,0.0,137,468.9,115.0,136.8,1.2355,0.2093,IMG_5616.jpg,106.4,292201,0.983,321.8,1100,cellpose,0.688,825
456.4,443.0,0.0,235,804.2,114.3,135.9,1.4266,0.3671,IMG_5617.jpg,135.4,292201,0.978,321.9,1100,cellpose,0.688,825
455.3,432.5,0.0,172,588.6,114.8,137.3,1.3138,0.268,IMG_5618.jpg,116.1,292201,0.979,322.1,1100,cellpose,0.688,825
458.3,440.0,0.0,181,619.4,111.7,142.9,1.3499,0.2839,IMG_5619.jpg,116.5,292201,0.978,321.4,1100,cellpose,0.688,825
455.5,435.0,0.011,187,640.0,111.6,138.2,1.3779,0.2915,IMG_5620.jpg,117.1,292201,0.975,321.6,1100,cellpose,0.688,825
391.3,361.0,0.058,121,414.1,125.1,118.5,1.2568,0.162,IMG_5621.jpg,91.0,292201,0.977,321.9,1100,cellpose,0.688,825
407.9,395.5,0.007,142,486.0,124.9,120.1,1.3776,0.1982,IMG_5622.jpg,100.4,292201,0.976,321.8,1100,cellpose,0.688,825
426.2,424.0,0.005,193,664.9,119.6,133.2,1.4056,0.2834,IMG_5623.jpg,112.3,290273,0.979,320.5,1100,cellpose,0.688,825
429.7,413.0,0.01,199,685.6,117.8,135.5,1.3968,0.2946,IMG_5624.jpg,123.6,290273,0.978,320.9,1100,cellpose,0.688,825
402.5,388.0,0.006,175,602.9,121.3,128.6,1.3545,0.2427,IMG_5625.jpg,111.1,290273,0.982,321.0,1100,cellpose,0.688,825
415.2,415.0,0.017,120,410.7,125.5,121.9,1.2115,0.1705,IMG_5626.jpg,103.7,292201,0.982,321.9,1100,cellpose,0.688,825
442.4,431.0,0.0,170,581.8,120.5,131.3,1.3442,0.2574,IMG_5627.jpg,114.9,292201,0.978,322.1,1100,cellpose,0.688,825
423.4,402.0,0.0,110,376.5,121.5,126.4,1.2277,0.1594,IMG_5628.jpg,100.5,292201,0.982,321.6,1100,cellpose,0.688,825
441.5,428.0,0.0,106,360.4,119.4,135.2,1.1381,0.1591,IMG_5629.jpg,101.0,294137,0.98,322.3,1100,cellpose,0.688,825
472.2,460.0,0.0,115,393.6,114.9,141.6,1.2615,0.1858,IMG_5630.jpg,111.0,292201,0.978,321.3,1100,cellpose,0.688,825
482.1,478.0,0.0,152,520.2,111.4,146.4,1.3328,0.2508,IMG_5631.jpg,110.2,292201,0.974,321.6,1100,cellpose,0.688,825
319.6,275.0,0.068,148,493.6,136.1,102.9,1.0604,0.1577,IMG_5658.jpg,96.9,299861,0.978,325.9,1100,cellpose,0.688,825
420.7,424.0,0.015,131,436.9,135.7,105.7,1.2305,0.1838,IMG_5659.jpg,94.8,299861,0.979,325.8,1100,cellpose,0.688,825
409.2,391.0,0.025,122,406.9,132.4,112.0,1.2296,0.1665,IMG_5660.jpg,103.7,299861,0.982,325.6,1100,cellpose,0.688,825
435.7,438.0,0.006,154,513.6,123.1,128.7,1.2227,0.2238,IMG_5661.jpg,106.4,299861,0.981,325.5,1100,cellpose,0.688,825
429.4,431.0,0.0,155,516.9,125.0,126.4,1.2236,0.222,IMG_5662.jpg,115.7,299861,0.977,326.2,1100,cellpose,0.688,825
414.2,397.5,0.015,134,446.9,124.2,124.1,1.2322,0.1851,IMG_5663.jpg,111.8,299861,0.978,326.0,1100,cellpose,0.688,825
445.2,456.5,0.006,154,513.6,120.4,129.5,1.2352,0.2286,IMG_5664.jpg,129.6,299861,0.981,325.4,1100,cellpose,0.688,825
387.9,368.5,0.083,120,400.2,135.1,106.3,1.0947,0.1552,IMG_5665.jpg,119.1,299861,0.979,325.9,1100,cellpose,0.688,825
432.8,423.5,0.017,116,389.3,127.1,123.0,1.1731,0.1685,IMG_5666.jpg,94.1,297965,0.985,325.0,1100,cellpose,0.688,825
418.3,419.5,0.0,118,393.5,131.6,117.3,1.2058,0.1646,IMG_5667.jpg,122.8,299861,0.981,325.7,1100,cellpose,0.688,825
412.0,412.0,0.017,118,393.5,132.0,117.9,1.1909,0.1621,IMG_5668.jpg,122.7,299861,0.981,325.7,1100,cellpose,0.688,825
525.2,518.0,0.017,120,400.2,110.1,136.9,1.324,0.2102,IMG_5669.jpg,80.8,299861,0.976,325.6,1100,cellpose,0.688,825
348.1,296.0,0.104,106,355.7,135.0,106.9,1.0204,0.1238,IMG_5670.jpg,90.6,297965,0.981,325.2,1100,cellpose,0.688,825
428.4,404.0,0.007,135,450.2,121.7,128.4,1.2072,0.1929,IMG_5671.jpg,119.1,299861,0.982,325.5,1100,cellpose,0.688,825
317.0,297.5,0.108,74,246.8,141.4,99.5,0.8243,0.0782,IMG_5672.jpg,103.9,299861,0.981,325.6,1100,cellpose,0.688,825
422.4,396.0,0.007,151,503.6,118.8,131.4,1.2325,0.2127,IMG_5673.jpg,122.0,299861,0.98,325.5,1100,cellpose,0.688,825
536.2,482.0,0.037,81,271.8,112.1,134.8,1.1696,0.1458,IMG_5674.jpg,101.2,297965,0.978,325.3,1100,cellpose,0.688,825
424.1,433.0,0.01,100,333.5,133.0,113.4,1.0891,0.1414,IMG_5675.jpg,98.3,299861,0.985,325.4,1100,cellpose,0.688,825
505.6,488.0,0.009,109,363.5,119.7,132.3,1.1333,0.1838,IMG_5676.jpg,90.4,299861,0.978,325.7,1100,cellpose,0.688,825
421.2,406.0,0.0,125,416.9,125.0,122.4,1.21,0.1756,IMG_5677.jpg,116.2,299861,0.979,326.0,1100,cellpose,0.688,825
434.1,412.0,0.0,113,376.8,119.0,135.2,1.1419,0.1636,IMG_5678.jpg,112.7,299861,0.977,326.1,1100,cellpose,0.688,825
411.6,407.0,0.008,128,429.6,131.1,114.3,1.2551,0.1768,IMG_5679.jpg,115.2,297965,0.984,325.2,1100,cellpose,0.688,825
409.9,424.0,0.025,118,396.0,132.7,110.4,1.1955,0.1623,IMG_5680.jpg,102.2,297965,0.983,325.2,1100,cellpose,0.688,825
366.0,351.5,0.019,104,370.3,134.1,134.4,1.184,0.1356,IMG_5681.jpg,132.7,280817,0.979,315.6,1100,cellpose,0.688,825
368.7,350.0,0.0,103,364.3,134.4,134.0,1.1904,0.1344,IMG_5682.jpg,122.8,282697,0.98,315.8,1100,cellpose,0.688,825
404.4,413.0,0.014,69,237.7,139.3,106.1,1.065,0.0961,IMG_5683.jpg,122.3,290273,0.984,320.1,1100,cellpose,0.688,825
414.8,397.0,0.008,129,444.4,124.4,129.1,1.2019,0.1843,IMG_5684.jpg,138.9,290273,0.979,321.1,1100,cellpose,0.688,825
459.9,450.5,0.019,104,353.6,124.4,132.7,1.0742,0.1626,IMG_5685.jpg,127.9,294137,0.974,322.4,1100,cellpose,0.688,825
461.8,446.5,0.019,106,360.4,124.2,132.7,1.0912,0.1664,IMG_5686.jpg,122.7,294137,0.974,322.4,1100,cellpose,0.688,825
367.5,376.0,0.036,55,188.2,131.0,112.7,0.9233,0.0692,IMG_5687.jpg,116.5,292201,0.98,321.4,1100,cellpose,0.688,825
425.2,407.0,0.026,116,397.0,122.9,130.5,1.0769,0.1688,IMG_5688.jpg,122.5,292201,0.98,321.3,1100,cellpose,0.688,825
403.1,376.0,0.009,108,369.6,125.4,126.4,1.1189,0.149,IMG_5689.jpg,109.0,292201,0.978,321.6,1100,cellpose,0.688,825
413.5,411.0,0.011,88,303.2,124.7,128.4,1.0725,0.1254,IMG_5690.jpg,121.4,290273,0.984,320.8,1100,cellpose,0.688,825
377.2,385.0,0.02,99,338.8,129.3,117.3,1.1387,0.1278,IMG_5691.jpg,121.6,292201,0.981,321.2,1100,cellpose,0.688,825
434.3,430.0,0.0,74,253.3,135.6,104.5,1.0916,0.11,IMG_5692.jpg,114.9,292201,0.981,321.2,1100,cellpose,0.688,825
376.7,354.0,0.035,85,290.9,135.8,104.3,1.0093,0.1096,IMG_5693.jpg,104.0,292201,0.981,321.2,1100,cellpose,0.688,825
459.4,449.0,0.011,89,304.6,118.5,140.1,1.1034,0.1399,IMG_5694.jpg,120.2,292201,0.977,321.7,1100,cellpose,0.688,825
393.2,436.0,0.02,51,175.7,142.3,101.8,1.008,0.0691,IMG_5695.jpg,97.9,290273,0.983,321.0,1100,cellpose,0.688,825
387.5,371.0,0.01,103,354.8,128.2,119.7,1.1328,0.1375,IMG_5696.jpg,119.3,290273,0.983,321.0,1100,cellpose,0.688,825
301.9,265.0,0.039,77,265.3,129.1,115.3,0.8016,0.0801,IMG_5723.jpg,70.7,290273,0.981,320.6,1100,cellpose,0.688,825
315.9,272.0,0.068,73,256.5,131.4,109.9,0.9011,0.081,IMG_5724.jpg,59.4,284565,0.978,317.1,1100,cellpose,0.688,825
419.7,413.5,0.028,36,123.2,130.9,116.2,1.0436,0.0517,IMG_5725.jpg,63.5,292201,0.978,321.5,1100,cellpose,0.688,825
421.4,421.0,0.0,69,237.7,126.7,120.8,1.1009,0.1002,IMG_5726.jpg,68.8,290273,0.983,320.7,1100,cellpose,0.688,825
327.9,264.0,0.065,77,265.3,129.7,112.1,0.7971,0.087,IMG_5727.jpg,64.4,290273,0.983,320.8,1100,cellpose,0.688,825
391.9,411.0,0.0,36,124.0,130.3,117.1,1.0286,0.0486,IMG_5728.jpg,60.4,290273,0.986,320.3,1100,cellpose,0.688,825
381.1,330.0,0.062,16,55.1,138.2,108.2,0.6623,0.021,IMG_5729.jpg,59.4,290273,0.986,320.1,1100,cellpose,0.688,825
382.9,388.0,0.0,16,55.1,139.4,115.5,0.9474,0.0211,IMG_5730.jpg,60.6,290273,0.985,320.4,1100,cellpose,0.688,825
392.7,384.0,0.054,37,127.5,129.6,116.9,0.9749,0.0501,IMG_5731.jpg,61.3,290273,0.986,320.4,1100,cellpose,0.688,825
399.4,396.5,0.026,76,261.8,125.0,123.3,1.0772,0.1046,IMG_5732.jpg,75.0,290273,0.986,320.1,1100,cellpose,0.688,825
376.0,357.0,0.051,79,272.2,127.1,116.4,0.9767,0.1023,IMG_5733.jpg,70.7,290273,0.984,320.4,1100,cellpose,0.688,825
400.8,390.5,0.034,58,199.8,124.4,124.6,0.9967,0.0801,IMG_5734.jpg,64.7,290273,0.982,320.7,1100,cellpose,0.688,825
411.8,432.0,0.013,79,272.2,127.5,118.6,1.0639,0.1121,IMG_5735.jpg,69.5,290273,0.981,321.0,1100,cellpose,0.688,825
467.0,457.0,0.022,90,306.0,119.6,134.8,1.0174,0.1429,IMG_5736.jpg,125.3,294137,0.977,322.6,1100,cellpose,0.688,825
436.3,442.0,0.039,77,261.8,118.9,142.1,1.0504,0.1142,IMG_5737.jpg,105.8,294137,0.981,322.7,1100,cellpose,0.688,825
467.9,455.0,0.015,130,442.0,114.8,141.0,1.2289,0.2068,IMG_5738.jpg,120.4,294137,0.977,322.3,1100,cellpose,0.688,825
389.7,387.0,0.013,78,265.2,128.8,127.5,1.024,0.1034,IMG_5739.jpg,115.8,294137,0.984,323.1,1100,cellpose,0.688,825
460.4,455.0,0.0,95,320.9,119.5,137.9,1.0485,0.1478,IMG_5740.jpg,119.0,296025,0.981,323.3,1100,cellpose,0.688,825
469.6,452.0,0.02,101,343.4,115.6,139.0,1.1713,0.1613,IMG_5741.jpg,110.3,294137,0.98,322.2,1100,cellpose,0.688,825
417.2,417.0,0.0,68,228.2,131.2,113.0,1.0561,0.0952,IMG_5742.jpg,111.5,297965,0.977,324.3,1100,cellpose,0.688,825
401.6,406.0,0.014,73,246.6,131.5,114.5,1.043,0.099,IMG_5743.jpg,120.0,296025,0.978,323.8,1100,cellpose,0.688,825
380.8,376.0,0.012,85,287.1,130.0,114.7,1.0323,0.1093,IMG_5744.jpg,123.8,296025,0.981,323.3,1100,cellpose,0.688,825
304.5,254.0,0.111,45,153.0,134.4,109.5,1.0219,0.0466,IMG_5745.jpg,108.3,294137,0.981,323.2,1100,cellpose,0.688,825
459.2,449.5,0.01,100,337.8,116.8,138.8,1.0785,0.1551,IMG_5746.jpg,119.4,296025,0.973,323.6,1100,cellpose,0.688,825
477.7,482.0,0.0,47,159.8,110.6,143.0,1.1464,0.0763,IMG_5747.jpg,102.7,294137,0.981,322.7,1100,cellpose,0.688,825
488.6,467.0,0.0,127,440.3,96.5,158.6,1.2657,0.2151,IMG_5776.jpg,104.3,288413,0.965,319.5,1100,cellpose,0.688,825
434.2,441.0,0.007,150,516.8,100.4,145.1,1.3143,0.2244,IMG_5777.jpg,100.8,290273,0.967,321.0,1100,cellpose,0.688,825
382.0,370.0,0.06,166,568.1,105.6,134.0,1.253,0.217,IMG_5778.jpg,113.0,292201,0.954,321.7,1100,cellpose,0.688,825
434.6,423.5,0.0,136,468.5,104.2,137.7,1.1675,0.2036,IMG_5779.jpg,94.8,290273,0.961,320.8,1100,cellpose,0.688,825
410.7,401.5,0.004,274,943.9,100.9,139.8,1.5256,0.3877,IMG_5780.jpg,121.4,290273,0.961,320.7,1100,cellpose,0.688,825
539.8,512.0,0.0,199,690.0,97.3,148.9,1.4804,0.3724,IMG_5781.jpg,111.8,288413,0.882,319.7,1100,cellpose,0.688,825
496.3,490.0,0.0,207,713.1,99.7,148.3,1.4617,0.3539,IMG_5782.jpg,122.2,290273,0.957,320.2,1100,cellpose,0.688,825
442.9,436.0,0.007,282,977.8,100.5,142.2,1.5501,0.433,IMG_5783.jpg,131.4,288413,0.943,319.9,1100,cellpose,0.688,825
505.2,501.0,0.005,203,703.9,98.5,151.7,1.4012,0.3556,IMG_5784.jpg,112.7,288413,0.95,319.9,1100,cellpose,0.688,825
451.8,444.0,0.0,257,885.4,99.4,146.6,1.5058,0.4,IMG_5785.jpg,123.2,290273,0.943,320.9,1100,cellpose,0.688,825
465.9,452.0,0.0,230,792.4,97.1,152.4,1.4363,0.3691,IMG_5786.jpg,122.4,290273,0.942,320.2,1100,cellpose,0.688,825
488.2,471.0,0.0,233,802.7,97.0,153.2,1.483,0.3918,IMG_5787.jpg,120.5,290273,0.948,320.5,1100,cellpose,0.688,825
467.5,463.0,0.0,147,506.4,98.3,152.3,1.2804,0.2368,IMG_5788.jpg,105.4,290273,0.967,321.0,1100,cellpose,0.688,825
440.6,432.0,0.0,185,637.3,100.2,152.6,1.3484,0.2808,IMG_5789.jpg,118.7,290273,0.959,320.3,1100,cellpose,0.688,825
408.5,393.5,0.052,154,530.5,112.2,132.8,1.2948,0.2167,IMG_5790.jpg,100.0,290273,0.972,320.9,1100,cellpose,0.688,825
438.0,422.0,0.036,139,475.7,110.2,134.3,1.2225,0.2083,IMG_5791.jpg,98.2,292201,0.969,321.2,1100,cellpose,0.688,825
391.1,356.0,0.048,165,568.4,112.5,129.5,1.2998,0.2223,IMG_5792.jpg,102.3,290273,0.973,320.4,1100,cellpose,0.688,825
409.7,378.5,0.0,190,654.6,110.5,129.9,1.3647,0.2682,IMG_5793.jpg,117.2,290273,0.972,320.6,1100,cellpose,0.688,825
341.8,320.5,0.034,116,397.0,119.0,126.5,1.2594,0.1357,IMG_5794.jpg,103.9,292201,0.971,321.1,1100,cellpose,0.688,825
417.0,420.0,0.025,197,678.7,109.2,131.2,1.4287,0.283,IMG_5795.jpg,118.2,290273,0.966,320.6,1100,cellpose,0.688,825
423.6,410.0,0.025,159,547.8,110.2,129.7,1.2531,0.232,IMG_5796.jpg,109.8,290273,0.967,320.7,1100,cellpose,0.688,825
421.5,395.0,0.078,129,444.4,110.5,128.6,1.2943,0.1873,IMG_5797.jpg,101.9,290273,0.971,320.7,1100,cellpose,0.688,825
448.7,436.0,0.004,227,776.9,111.9,141.8,1.4637,0.3486,IMG_5830.jpg,130.6,292201,0.965,321.4,1100,cellpose,0.688,825
390.4,396.0,0.0,143,489.4,120.6,126.1,1.2582,0.1911,IMG_5831.jpg,91.7,292201,0.976,321.4,1100,cellpose,0.688,825
421.8,426.0,0.024,124,424.4,118.7,127.3,1.2074,0.179,IMG_5832.jpg,93.7,292201,0.98,321.4,1100,cellpose,0.688,825
447.3,444.0,0.0,185,633.1,108.9,147.4,1.4394,0.2832,IMG_5833.jpg,110.9,292201,0.969,321.1,1100,cellpose,0.688,825
405.5,387.0,0.013,151,516.8,113.4,132.1,1.2945,0.2096,IMG_5834.jpg,95.0,292201,0.971,321.6,1100,cellpose,0.688,825
435.4,430.0,0.006,159,544.1,110.1,136.7,1.3806,0.2369,IMG_5835.jpg,102.8,292201,0.976,322.0,1100,cellpose,0.688,825
422.1,420.0,0.0,193,660.5,109.2,137.8,1.4107,0.2788,IMG_5836.jpg,104.4,292201,0.975,321.3,1100,cellpose,0.688,825
439.8,426.0,0.0,167,575.3,108.6,141.7,1.3853,0.253,IMG_5837.jpg,101.9,290273,0.975,320.7,1100,cellpose,0.688,825
383.5,340.0,0.048,167,571.5,117.0,128.5,1.1357,0.2192,IMG_5838.jpg,84.7,292201,0.977,321.5,1100,cellpose,0.688,825
409.1,381.0,0.023,129,465.6,119.8,126.2,1.1855,0.1905,IMG_5839.jpg,114.0,277085,0.977,313.5,1100,cellpose,0.688,825
487.9,480.0,0.0,150,516.8,110.8,147.3,1.3521,0.2521,IMG_5840.jpg,111.8,290273,0.965,320.1,1100,cellpose,0.688,825
428.2,415.5,0.0,152,513.5,116.4,130.4,1.3177,0.2199,IMG_5841.jpg,113.9,296025,0.976,323.8,1100,cellpose,0.688,825
384.8,355.0,0.094,127,429.0,128.6,118.1,1.2374,0.1651,IMG_5842.jpg,96.4,296025,0.974,324.1,1100,cellpose,0.688,825
399.5,374.0,0.031,129,435.8,127.7,117.2,1.101,0.1741,IMG_5843.jpg,117.8,296025,0.976,323.6,1100,cellpose,0.688,825
449.3,446.5,0.0,122,414.8,119.1,131.6,1.2198,0.1863,IMG_5844.jpg,115.3,294137,0.978,323.1,1100,cellpose,0.688,825
430.5,416.0,0.0,135,456.0,118.2,132.1,1.2113,0.1963,IMG_5845.jpg,124.3,296025,0.971,323.5,1100,cellpose,0.688,825
421.1,422.0,0.007,153,516.8,118.0,133.1,1.2614,0.2176,IMG_5846.jpg,114.4,296025,0.971,323.6,1100,cellpose,0.688,825
496.2,492.0,0.007,135,459.0,111.7,142.6,1.3249,0.2277,IMG_5847.jpg,110.7,294137,0.964,323.1,1100,cellpose,0.688,825
469.4,465.0,0.0,65,221.0,121.0,133.8,1.1238,0.1037,IMG_5848.jpg,107.2,294137,0.985,322.7,1100,cellpose,0.688,825
443.4,461.0,0.0,139,469.6,123.5,115.0,1.2761,0.2082,IMG_5849.jpg,98.7,296025,0.975,323.6,1100,cellpose,0.688,825
433.3,421.5,0.014,144,486.4,123.4,115.8,1.2611,0.2108,IMG_5850.jpg,104.8,296025,0.974,323.9,1100,cellpose,0.688,825
403.1,366.0,0.057,157,530.4,127.9,115.9,1.23,0.2138,IMG_5851.jpg,100.6,296025,0.972,324.0,1100,cellpose,0.688,825
397.4,367.0,0.104,173,584.4,127.5,115.7,1.1583,0.2323,IMG_5852.jpg,110.1,296025,0.974,323.9,1100,cellpose,0.688,825
431.7,421.0,0.0,159,537.1,119.8,119.4,1.3801,0.2319,IMG_5853.jpg,106.5,296025,0.974,324.0,1100,cellpose,0.688,825
411.3,408.5,0.0,170,574.3,119.5,121.6,1.395,0.2362,IMG_5854.jpg,102.0,296025,0.98,323.2,1100,cellpose,0.688,825
