area_mean_px,area_median_px,aspect_ratio_mean,budding_proxy_frac,cell_count,cell_density_per_Mpx,cell_gray_mean,cell_sat_mean,clustering_R,coverage_frac,ecc_mean,ecc_median,file,focus_var,fov_area_px,fov_circularity,fov_r,height,method,scale,width
411.9,410.0,1.1799,0.009,117,392.7,123.4,116.3,1.2314,0.1617,0.49,0.494,IMG_5070.jpg,139.9,297965,0.98,324.5,1100,cellpose,0.688,825
382.6,360.0,1.342,0.049,81,284.6,114.3,115.6,1.1346,0.1089,0.6183,0.6201,IMG_5071.jpg,64.8,284565,0.979,317.4,1100,cellpose,0.688,825
334.9,292.0,1.3773,0.043,70,244.4,113.0,120.9,1.1129,0.0818,0.629,0.6405,IMG_5072.jpg,61.0,286453,0.97,317.9,1100,cellpose,0.688,825
396.2,362.0,1.3676,0.034,58,197.2,118.6,113.9,1.1018,0.0781,0.6286,0.6466,IMG_5073.jpg,99.0,294137,0.976,322.9,1100,cellpose,0.688,825
439.1,430.0,1.2557,0.025,161,573.3,95.7,143.6,1.2623,0.2518,0.5717,0.5798,IMG_5074.jpg,78.6,280817,0.977,315.5,1100,cellpose,0.688,825
392.5,403.0,1.2469,0.033,92,312.8,115.6,119.8,1.0947,0.1228,0.5308,0.5441,IMG_5075.jpg,108.1,294137,0.979,322.9,1100,cellpose,0.688,825
351.4,300.0,1.3262,0.028,72,244.8,123.0,119.7,1.167,0.086,0.5893,0.5907,IMG_5076.jpg,93.6,294137,0.98,322.4,1100,cellpose,0.688,825
370.0,336.5,1.2974,0.029,138,469.2,118.0,114.1,1.2337,0.1736,0.574,0.5887,IMG_5077.jpg,118.4,294137,0.981,322.6,1100,cellpose,0.688,825
445.3,442.0,1.2861,0.007,146,499.7,108.4,137.4,1.2822,0.2225,0.5806,0.5773,IMG_5078.jpg,112.8,292201,0.977,321.5,1100,cellpose,0.688,825
306.9,292.5,1.3599,0.009,108,364.8,134.4,107.1,1.1604,0.112,0.6237,0.6598,IMG_5079.jpg,88.6,296025,0.976,323.4,1100,cellpose,0.688,825
403.3,400.5,1.2337,0.011,88,303.2,118.2,121.4,1.0678,0.1223,0.5388,0.5308,IMG_5100.jpg,89.9,290273,0.979,320.7,1100,cellpose,0.688,825
411.4,392.0,1.2279,0.02,149,509.9,114.4,128.9,1.1982,0.2098,0.5345,0.5458,IMG_5101.jpg,119.5,292201,0.977,321.9,1100,cellpose,0.688,825
445.1,427.0,1.2334,0.02,147,506.4,112.1,134.8,1.2588,0.2254,0.5411,0.5478,IMG_5102.jpg,110.8,290273,0.978,320.7,1100,cellpose,0.688,825
393.6,387.5,1.2039,0.012,166,571.9,115.7,127.4,1.2608,0.2251,0.5105,0.5226,IMG_5103.jpg,119.9,290273,0.98,320.6,1100,cellpose,0.688,825
406.5,384.0,1.2091,0.02,149,513.3,114.7,129.7,1.2517,0.2087,0.5162,0.5178,IMG_5104.jpg,112.7,290273,0.977,320.7,1100,cellpose,0.688,825
351.8,340.0,1.3168,0.041,97,332.0,119.2,120.8,1.0734,0.1168,0.5989,0.6303,IMG_5105.jpg,97.4,292201,0.98,321.2,1100,cellpose,0.688,825
434.0,432.0,1.2604,0.007,136,459.4,112.0,139.2,1.1734,0.1994,0.568,0.5835,IMG_5106.jpg,95.1,296025,0.981,323.3,1100,cellpose,0.688,825
313.2,278.0,1.4432,0.065,77,265.3,122.3,117.9,0.9456,0.0831,0.6776,0.6901,IMG_5107.jpg,93.2,290273,0.977,321.0,1100,cellpose,0.688,825
328.2,304.0,1.3699,0.063,79,270.4,122.9,116.7,0.9758,0.0887,0.6453,0.6762,IMG_5108.jpg,93.9,292201,0.977,321.4,1100,cellpose,0.688,825
346.2,315.0,1.3508,0.057,106,365.2,116.9,124.1,1.093,0.1264,0.6054,0.6159,IMG_5109.jpg,102.7,290273,0.98,320.8,1100,cellpose,0.688,825
325.6,292.0,1.4498,0.086,81,304.5,138.4,104.1,1.0813,0.0991,0.6768,0.7142,IMG_5110.jpg,50.9,266025,0.981,307.3,1100,cellpose,0.688,825
352.2,303.0,1.3251,0.031,65,219.6,138.5,108.0,1.0373,0.0773,0.6111,0.6385,IMG_5111.jpg,76.6,296025,0.98,323.8,1100,cellpose,0.688,825
364.6,353.5,1.4207,0.074,108,364.8,132.2,113.1,1.1016,0.133,0.654,0.6892,IMG_5112.jpg,85.3,296025,0.978,324.0,1100,cellpose,0.688,825
423.4,406.0,1.2216,0.011,177,613.7,118.5,131.8,1.2962,0.2598,0.5419,0.5619,IMG_5113.jpg,110.0,288413,0.98,319.7,1100,cellpose,0.688,825
415.9,399.5,1.2388,0.006,168,567.5,116.3,133.7,1.2324,0.236,0.5459,0.5575,IMG_5114.jpg,98.3,296025,0.981,324.1,1100,cellpose,0.688,825
396.9,383.5,1.2266,0.037,160,540.5,117.1,129.6,1.2007,0.2145,0.5286,0.5207,IMG_5115.jpg,108.7,296025,0.978,323.8,1100,cellpose,0.688,825
430.5,411.5,1.1938,0.028,72,243.2,124.8,126.2,1.0898,0.1047,0.5125,0.491,IMG_5116.jpg,78.7,296025,0.982,323.9,1100,cellpose,0.688,825
573.3,572.0,1.2833,0.0,44,149.6,108.9,146.3,1.0806,0.0858,0.5841,0.61,IMG_5117.jpg,69.1,294137,0.976,323.1,1100,cellpose,0.688,825
414.8,414.0,1.1707,0.029,103,350.2,123.9,122.3,1.105,0.1453,0.4772,0.471,IMG_5118.jpg,85.0,294137,0.983,322.9,1100,cellpose,0.688,825
388.0,378.0,1.312,0.018,111,372.5,125.5,116.3,1.1506,0.1446,0.5878,0.6097,IMG_5119.jpg,86.0,297965,0.98,324.7,1100,cellpose,0.688,825
517.6,501.0,1.2872,0.0,55,187.0,109.1,145.8,1.1276,0.0968,0.589,0.5808,IMG_5120.jpg,67.4,294137,0.976,322.6,1100,cellpose,0.688,825
409.8,404.5,1.2556,0.041,146,496.4,129.1,110.7,1.2629,0.2034,0.5493,0.5495,IMG_5143.jpg,114.2,294137,0.977,322.8,1100,cellpose,0.688,825
650.5,662.5,1.2738,0.041,74,251.6,114.2,134.3,1.2049,0.1637,0.57,0.5974,IMG_5144.jpg,76.4,294137,0.977,323.1,1100,cellpose,0.688,825
427.4,425.5,1.2344,0.0,54,183.6,121.2,124.2,0.9585,0.0785,0.5335,0.5266,IMG_5145.jpg,73.1,294137,0.988,322.2,1100,cellpose,0.688,825
441.3,442.0,1.1222,0.023,43,147.2,118.4,130.4,1.0566,0.0649,0.4015,0.3992,IMG_5146.jpg,77.3,292201,0.986,321.9,1100,cellpose,0.688,825
477.5,459.0,1.2066,0.0,84,289.4,106.0,152.6,1.2029,0.1382,0.5348,0.5473,IMG_5147.jpg,87.5,290273,0.982,320.5,1100,cellpose,0.688,825
450.3,453.5,1.213,0.024,82,284.3,117.2,128.6,1.0907,0.128,0.5147,0.5196,IMG_5148.jpg,74.3,288413,0.984,319.3,1100,cellpose,0.688,825
628.0,630.0,1.2721,0.0,65,225.4,102.8,154.5,1.1763,0.1415,0.5836,0.5966,IMG_5149.jpg,72.4,288413,0.975,319.8,1100,cellpose,0.688,825
481.3,474.0,1.1992,0.0,67,232.3,108.4,149.6,1.0322,0.1118,0.5267,0.5224,IMG_5150.jpg,84.3,288413,0.985,319.4,1100,cellpose,0.688,825
482.6,458.0,1.1345,0.019,52,179.1,115.5,135.1,1.0532,0.0865,0.4394,0.435,IMG_5151.jpg,76.2,290273,0.987,320.2,1100,cellpose,0.688,825
369.6,290.0,1.4371,0.028,36,124.0,126.9,122.6,0.7445,0.0458,0.6754,0.6628,IMG_5152.jpg,70.4,290273,0.983,320.4,1100,cellpose,0.688,825
601.7,586.0,1.2236,0.0,21,71.9,103.3,158.1,1.0025,0.0432,0.5425,0.5568,IMG_5153.jpg,55.0,292201,0.984,321.6,1100,cellpose,0.688,825
264.8,257.0,1.3671,0.019,317,1287.3,148.1,110.9,1.4774,0.3409,0.6448,0.6631,IMG_5154.jpg,64.8,246253,0.963,295.1,1100,cellpose,0.688,825
404.7,404.0,1.2141,0.069,173,592.1,118.0,114.7,1.2925,0.2396,0.5218,0.5176,IMG_5155.jpg,133.1,292201,0.974,321.7,1100,cellpose,0.688,825
340.6,314.0,1.564,0.058,103,354.8,125.7,113.8,1.1578,0.1208,0.7121,0.7593,IMG_5156.jpg,113.0,290273,0.968,321.0,1100,cellpose,0.688,825
251.6,243.0,1.3001,0.02,345,1431.5,133.8,114.4,1.5018,0.3602,0.5723,0.5734,IMG_5157.jpg,56.5,241009,0.963,291.8,1100,cellpose,0.688,825
360.7,350.5,1.193,0.038,210,877.6,119.2,118.3,1.34,0.3166,0.5057,0.527,IMG_5158.jpg,106.1,239277,0.975,291.3,1100,cellpose,0.688,825
403.1,394.0,1.176,0.03,236,823.9,112.8,123.3,1.4691,0.3321,0.4858,0.4736,IMG_5159.jpg,112.6,286453,0.976,318.2,1100,cellpose,0.688,825
378.3,379.0,1.1743,0.012,243,837.1,116.0,121.0,1.4343,0.3167,0.4791,0.4758,IMG_5160.jpg,136.3,290273,0.978,320.6,1100,cellpose,0.688,825
385.6,386.0,1.1887,0.014,209,715.3,117.7,119.7,1.328,0.2758,0.4984,0.4984,IMG_5161.jpg,142.0,292201,0.976,321.7,1100,cellpose,0.688,825
455.4,451.5,1.2326,0.013,380,1309.1,119.8,121.2,1.6453,0.5962,0.5542,0.569,IMG_5162.jpg,161.7,290273,0.976,320.3,1100,cellpose,0.688,825
477.3,473.5,1.2611,0.019,372,1281.6,122.8,118.3,1.6422,0.6117,0.5749,0.5864,IMG_5163.jpg,161.6,290273,0.975,320.6,1100,cellpose,0.688,825
401.4,393.0,1.1854,0.011,351,1193.3,122.7,112.0,1.5909,0.479,0.4975,0.5014,IMG_5164.jpg,169.5,294137,0.974,322.3,1100,cellpose,0.688,825
394.3,389.0,1.1948,0.011,350,1221.8,124.7,110.4,1.5759,0.4817,0.5039,0.5078,IMG_5165.jpg,176.9,286453,0.973,318.2,1100,cellpose,0.688,825
407.6,403.0,1.1998,0.016,428,1484.0,123.7,112.5,1.6686,0.6049,0.52,0.5294,IMG_5166.jpg,181.2,288413,0.978,319.5,1100,cellpose,0.688,825
394.2,393.0,1.1917,0.019,216,739.2,121.6,114.9,1.4168,0.2914,0.5055,0.5058,IMG_5190.jpg,146.1,292201,0.974,321.1,1100,cellpose,0.688,825
409.1,404.5,1.1937,0.008,384,1305.5,129.3,108.9,1.6332,0.5341,0.5187,0.5334,IMG_5191.jpg,161.0,294137,0.975,323.0,1100,cellpose,0.688,825
402.8,394.0,1.2127,0.009,437,1505.5,126.3,113.6,1.6896,0.6064,0.5334,0.5431,IMG_5192.jpg,178.5,290273,0.979,320.8,1100,cellpose,0.688,825
404.3,397.0,1.1717,0.014,291,989.3,123.4,114.5,1.5146,0.3999,0.4824,0.4851,IMG_5193.jpg,136.1,294137,0.977,322.7,1100,cellpose,0.688,825
398.8,389.0,1.1748,0.006,327,1126.5,125.9,111.9,1.5862,0.4493,0.4833,0.4848,IMG_5194.jpg,153.6,290273,0.975,320.9,1100,cellpose,0.688,825
446.1,441.0,1.2351,0.011,373,1285.0,125.0,120.1,1.6567,0.5733,0.5569,0.5763,IMG_5195.jpg,146.4,290273,0.974,320.7,1100,cellpose,0.688,825
416.5,410.0,1.1671,0.013,307,1050.6,124.5,112.1,1.5896,0.4376,0.4798,0.4837,IMG_5196.jpg,153.2,292201,0.976,321.1,1100,cellpose,0.688,825
412.9,401.0,1.1998,0.007,400,1378.0,123.3,120.1,1.7169,0.5689,0.5232,0.5429,IMG_5197.jpg,174.0,290273,0.978,320.6,1100,cellpose,0.688,825
401.1,398.5,1.1665,0.011,284,978.4,124.0,113.5,1.5656,0.3925,0.4744,0.4822,IMG_5198.jpg,149.8,290273,0.975,320.7,1100,cellpose,0.688,825
405.7,401.5,1.1488,0.003,338,1156.7,117.9,120.7,1.6131,0.4693,0.4592,0.4682,IMG_5199.jpg,149.5,292201,0.975,322.1,1100,cellpose,0.688,825
415.1,405.0,1.1642,0.005,395,1342.9,117.2,120.2,1.6803,0.5575,0.4772,0.4829,IMG_5200.jpg,162.5,294137,0.976,322.9,1100,cellpose,0.688,825
431.3,429.0,1.1966,0.002,444,1509.5,120.0,121.7,1.7536,0.651,0.5199,0.5342,IMG_5201.jpg,183.0,294137,0.978,322.6,1100,cellpose,0.688,825
524.4,514.0,1.2734,0.0,113,391.8,108.1,150.0,1.2389,0.2054,0.5982,0.6205,IMG_5202.jpg,90.0,288413,0.976,319.7,1100,cellpose,0.688,825
524.2,521.0,1.2744,0.0,117,411.2,109.6,148.0,1.2989,0.2155,0.5792,0.602,IMG_5203.jpg,88.1,284565,0.971,317.8,1100,cellpose,0.688,825
561.4,561.5,1.2553,0.0,98,335.4,110.6,146.9,1.2776,0.1883,0.5765,0.5917,IMG_5204.jpg,74.0,292201,0.975,321.4,1100,cellpose,0.688,825
554.9,563.0,1.2731,0.013,80,279.3,108.9,151.7,1.3052,0.155,0.5932,0.6047,IMG_5205.jpg,81.1,286453,0.979,318.5,1100,cellpose,0.688,825
535.8,515.5,1.2472,0.0,88,307.2,105.8,152.8,1.3307,0.1646,0.5683,0.572,IMG_5206.jpg,68.0,286453,0.976,318.6,1100,cellpose,0.688,825
537.3,520.5,1.25,0.0,82,280.6,105.3,152.0,1.2006,0.1508,0.5782,0.5872,IMG_5207.jpg,77.2,292201,0.979,322.1,1100,cellpose,0.688,825
526.5,500.0,1.2506,0.0,74,256.6,107.8,153.9,1.1511,0.1351,0.5696,0.5889,IMG_5208.jpg,73.4,288413,0.978,319.5,1100,cellpose,0.688,825
505.8,486.5,1.25,0.009,106,372.5,107.7,146.8,1.2821,0.1884,0.5621,0.5843,IMG_5209.jpg,72.5,284565,0.971,317.7,1100,cellpose,0.688,825
493.7,499.0,1.251,0.0,117,403.1,102.4,154.3,1.3005,0.199,0.5726,0.5854,IMG_5210.jpg,72.5,290273,0.974,320.5,1100,cellpose,0.688,825
487.4,485.0,1.2433,0.0,105,359.3,109.6,150.2,1.2045,0.1752,0.5634,0.5891,IMG_5211.jpg,79.0,292201,0.977,321.3,1100,cellpose,0.688,825
459.9,454.0,1.2108,0.0,147,509.7,111.8,142.5,1.2942,0.2344,0.5428,0.5607,IMG_5212.jpg,96.5,288413,0.981,319.6,1100,cellpose,0.688,825
462.2,464.0,1.1942,0.0,130,447.9,111.8,142.6,1.2463,0.207,0.5229,0.5281,IMG_5213.jpg,105.6,290273,0.978,320.7,1100,cellpose,0.688,825
454.0,462.5,1.1854,0.008,120,418.9,111.8,143.2,1.2507,0.1902,0.5151,0.5176,IMG_5214.jpg,88.0,286453,0.981,318.8,1100,cellpose,0.688,825
471.7,443.5,1.1393,0.0,118,411.9,115.6,135.8,1.2507,0.1943,0.4522,0.4607,IMG_5215.jpg,88.0,286453,0.982,318.3,1100,cellpose,0.688,825
420.3,420.5,1.3031,0.042,118,403.8,125.7,116.8,1.2466,0.1697,0.5576,0.5549,IMG_5216.jpg,83.3,292201,0.98,321.1,1100,cellpose,0.688,825
469.8,470.0,1.1649,0.0,93,322.5,117.4,137.9,1.1953,0.1515,0.49,0.4883,IMG_5217.jpg,90.6,288413,0.984,319.9,1100,cellpose,0.688,825
447.5,441.5,1.1327,0.008,118,403.8,119.6,131.7,1.2612,0.1807,0.4428,0.4429,IMG_5218.jpg,93.8,292201,0.981,321.1,1100,cellpose,0.688,825
498.3,481.5,1.3183,0.03,66,227.4,112.8,141.3,1.1729,0.1133,0.6091,0.6432,IMG_5252.jpg,87.8,290273,0.977,320.3,1100,cellpose,0.688,825
502.4,479.0,1.3291,0.048,62,215.0,112.2,139.9,1.1279,0.108,0.616,0.6466,IMG_5253.jpg,89.0,288413,0.978,319.2,1100,cellpose,0.688,825
408.1,398.0,1.238,0.031,131,445.4,125.0,118.3,1.2511,0.1818,0.548,0.5611,IMG_5254.jpg,126.9,294137,0.973,322.6,1100,cellpose,0.688,825
394.9,401.0,1.2342,0.022,139,478.9,121.4,119.6,1.1935,0.1891,0.5365,0.5339,IMG_5255.jpg,107.7,290273,0.972,320.7,1100,cellpose,0.688,825
429.1,425.0,1.3106,0.019,159,537.1,115.6,133.0,1.2429,0.2305,0.6006,0.6125,IMG_5256.jpg,118.9,296025,0.968,323.3,1100,cellpose,0.688,825
418.0,390.5,1.2407,0.023,130,447.9,120.1,124.4,1.1967,0.1872,0.543,0.5399,IMG_5257.jpg,119.9,290273,0.969,320.7,1100,cellpose,0.688,825
545.0,423.0,1.373,0.036,55,190.7,112.7,131.5,1.1805,0.1039,0.6202,0.6189,IMG_5258.jpg,56.2,288413,0.965,319.7,1100,cellpose,0.688,825
356.6,328.0,1.199,0.026,117,439.8,126.6,121.3,1.2093,0.1568,0.508,0.5077,IMG_5259.jpg,93.4,266025,0.979,307.0,1100,cellpose,0.688,825
358.4,332.5,1.2065,0.034,118,443.6,125.2,122.2,1.1999,0.159,0.5175,0.5,IMG_5260.jpg,92.0,266025,0.978,306.9,1100,cellpose,0.688,825
386.3,383.0,1.2379,0.024,127,431.8,118.2,127.3,1.1809,0.1668,0.543,0.5253,IMG_5261.jpg,113.6,294137,0.973,322.6,1100,cellpose,0.688,825
286.8,265.0,1.3203,0.061,49,165.5,143.3,106.5,1.0574,0.0475,0.5871,0.6093,IMG_5262.jpg,108.7,296025,0.973,323.9,1100,cellpose,0.688,825
350.5,325.0,1.3879,0.073,55,188.2,125.5,112.6,1.0224,0.066,0.6226,0.6362,IMG_5263.jpg,104.6,292201,0.972,321.5,1100,cellpose,0.688,825
396.8,384.0,1.2681,0.014,141,482.5,119.0,129.9,1.1241,0.1915,0.5629,0.5512,IMG_5264.jpg,128.1,292201,0.973,321.3,1100,cellpose,0.688,825
384.1,378.0,1.2637,0.021,95,320.9,128.8,112.3,1.1024,0.1233,0.5603,0.5604,IMG_5265.jpg,123.0,296025,0.974,323.3,1100,cellpose,0.688,825
312.5,271.0,1.2854,0.0,19,65.9,148.4,108.2,0.8201,0.0206,0.5728,0.5258,IMG_5274.jpg,74.0,288413,0.981,319.8,1100,cellpose,0.688,825
438.5,449.0,1.2337,0.0,52,180.3,122.2,132.9,0.9276,0.0791,0.5492,0.5638,IMG_5275.jpg,81.7,288413,0.98,319.4,1100,cellpose,0.688,825
395.3,415.0,1.1841,0.0,31,107.5,128.5,123.9,0.9285,0.0425,0.4832,0.4743,IMG_5276.jpg,78.0,288413,0.983,319.6,1100,cellpose,0.688,825
462.9,447.5,1.2545,0.0,70,242.7,114.8,139.2,1.0521,0.1123,0.5731,0.582,IMG_5277.jpg,85.3,288413,0.968,319.8,1100,cellpose,0.688,825
487.3,450.0,1.3092,0.022,92,316.9,113.1,142.2,1.1455,0.1544,0.6103,0.6176,IMG_5278.jpg,86.2,290273,0.975,320.5,1100,cellpose,0.688,825
469.9,449.0,1.2405,0.013,79,275.8,116.8,132.3,1.037,0.1296,0.5498,0.5449,IMG_5279.jpg,92.0,286453,0.977,318.9,1100,cellpose,0.688,825
337.1,283.0,1.4004,0.119,67,233.9,126.3,116.1,0.9489,0.0788,0.6472,0.6733,IMG_5280.jpg,98.7,286453,0.977,318.9,1100,cellpose,0.688,825
363.6,347.0,1.4022,0.113,53,185.0,126.5,113.1,1.0181,0.0673,0.6398,0.6533,IMG_5281.jpg,90.6,286453,0.974,318.0,1100,cellpose,0.688,825
472.2,490.0,1.203,0.029,69,237.7,127.9,117.0,1.0615,0.1123,0.4961,0.5052,IMG_5282.jpg,87.9,290273,0.982,320.4,1100,cellpose,0.688,825
430.2,422.0,1.1522,0.0,86,298.2,116.2,131.1,1.1216,0.1283,0.4651,0.4689,IMG_5283.jpg,97.7,288413,0.976,319.5,1100,cellpose,0.688,825
419.4,413.0,1.1932,0.013,76,263.5,123.9,117.8,1.13,0.1105,0.5054,0.5079,IMG_5284.jpg,98.4,288413,0.978,319.3,1100,cellpose,0.688,825
378.8,339.5,1.3334,0.078,90,312.1,125.9,112.6,0.9978,0.1182,0.5979,0.5819,IMG_5285.jpg,90.1,288413,0.98,319.2,1100,cellpose,0.688,825
396.1,396.0,1.2707,0.039,76,261.8,128.1,110.4,1.1302,0.1037,0.5655,0.5866,IMG_5286.jpg,94.7,290273,0.979,320.3,1100,cellpose,0.688,825
413.0,411.5,1.245,0.022,180,620.1,118.1,132.2,1.2494,0.2561,0.5623,0.5765,IMG_5287.jpg,106.2,290273,0.976,320.6,1100,cellpose,0.688,825
410.5,409.0,1.2297,0.027,111,382.4,118.7,131.9,1.0854,0.157,0.5399,0.5347,IMG_5288.jpg,89.2,290273,0.978,320.9,1100,cellpose,0.688,825
411.1,408.5,1.2034,0.0,92,316.9,124.0,126.7,1.0212,0.1303,0.5144,0.5127,IMG_5289.jpg,81.3,290273,0.98,320.7,1100,cellpose,0.688,825
468.4,463.5,1.3001,0.0,94,325.9,113.8,141.8,1.0461,0.1527,0.601,0.618,IMG_5290.jpg,84.0,288413,0.975,319.0,1100,cellpose,0.688,825
378.3,349.0,1.3814,0.122,49,167.7,137.7,102.7,0.9339,0.0634,0.6155,0.6606,IMG_5291.jpg,81.7,292201,0.978,321.6,1100,cellpose,0.688,825
272.2,267.0,1.3042,0.034,87,301.7,146.0,97.4,0.954,0.0821,0.5933,0.6135,IMG_5292.jpg,57.5,288413,0.974,319.4,1100,cellpose,0.688,825
365.0,354.0,1.199,0.0,50,173.4,130.5,118.2,0.9603,0.0633,0.4993,0.5089,IMG_5293.jpg,84.8,288413,0.981,319.2,1100,cellpose,0.688,825
395.1,371.0,1.2069,0.0,112,388.3,120.4,125.2,1.1646,0.1534,0.5118,0.5125,IMG_5294.jpg,112.3,288413,0.98,319.3,1100,cellpose,0.688,825
345.9,316.5,1.3162,0.034,58,201.1,125.1,114.4,0.8117,0.0696,0.6003,0.6277,IMG_5295.jpg,82.9,288413,0.976,319.4,1100,cellpose,0.688,825
415.4,446.0,1.2213,0.028,36,118.5,142.6,95.0,0.9622,0.0492,0.5308,0.5502,IMG_5319.jpg,81.2,303809,0.987,328.0,1100,cellpose,0.688,825
245.9,206.0,1.5038,0.036,28,95.8,142.1,94.1,0.8313,0.0236,0.7236,0.7225,IMG_5320.jpg,78.8,292201,0.982,321.6,1100,cellpose,0.688,825
471.5,469.0,1.1096,0.0,35,118.2,142.2,96.1,1.0237,0.0557,0.3984,0.4258,IMG_5321.jpg,72.7,296025,0.983,323.7,1100,cellpose,0.688,825
558.5,568.0,1.2113,0.0,32,108.8,129.9,116.5,1.2554,0.0608,0.5227,0.5424,IMG_5322.jpg,75.6,294137,0.983,323.1,1100,cellpose,0.688,825
276.4,221.0,1.4827,0.135,37,126.6,150.0,87.6,0.7196,0.035,0.6727,0.7363,IMG_5323.jpg,65.7,292201,0.982,321.3,1100,cellpose,0.688,825
315.1,226.0,1.3893,0.083,24,82.1,147.0,93.3,0.7526,0.0259,0.6244,0.6666,IMG_5324.jpg,77.5,292201,0.983,321.4,1100,cellpose,0.688,825
496.5,532.0,1.2678,0.0,31,105.4,128.9,123.4,0.9251,0.0523,0.5823,0.6311,IMG_5325.jpg,83.3,294137,0.977,322.3,1100,cellpose,0.688,825
438.2,415.0,1.2001,0.0,31,104.7,132.8,111.9,1.0779,0.0459,0.5311,0.552,IMG_5326.jpg,89.3,296025,0.98,323.8,1100,cellpose,0.688,825
468.6,486.0,1.3405,0.0,31,106.1,128.2,118.8,0.9733,0.0497,0.6299,0.6324,IMG_5327.jpg,76.7,292201,0.979,321.5,1100,cellpose,0.688,825
486.4,468.0,1.1815,0.023,43,154.1,120.4,124.9,1.1011,0.075,0.466,0.437,IMG_5345.jpg,95.4,278985,0.984,314.4,1100,cellpose,0.688,825
407.1,405.0,1.2074,0.03,33,116.7,148.5,95.9,1.0083,0.0475,0.4846,0.4497,IMG_5346.jpg,106.7,282697,0.983,316.0,1100,cellpose,0.688,825
350.0,316.5,1.5175,0.16,50,174.5,150.3,91.9,0.7059,0.0611,0.7045,0.7348,IMG_5347.jpg,99.1,286453,0.986,318.9,1100,cellpose,0.688,825
521.5,509.0,1.2162,0.0,40,140.6,127.5,131.6,1.0592,0.0733,0.5461,0.5525,IMG_5348.jpg,94.9,284565,0.986,317.9,1100,cellpose,0.688,825
491.9,494.0,1.3105,0.023,44,154.6,128.2,129.8,0.985,0.0761,0.6125,0.6237,IMG_5349.jpg,82.9,284565,0.97,316.9,1100,cellpose,0.688,825
572.4,566.0,1.2617,0.0,48,169.8,124.0,132.3,1.1257,0.0972,0.5662,0.5764,IMG_5350.jpg,91.4,282697,0.982,315.9,1100,cellpose,0.688,825
623.5,659.0,1.3073,0.0,35,122.2,129.3,129.3,1.1441,0.0762,0.6228,0.6393,IMG_5351.jpg,103.6,286453,0.978,318.0,1100,cellpose,0.688,825
601.3,610.0,1.2896,0.0,32,113.2,131.0,120.4,1.1227,0.0681,0.6099,0.6408,IMG_5352.jpg,94.4,282697,0.984,316.5,1100,cellpose,0.688,825
626.0,663.0,1.1608,0.0,23,80.8,133.9,115.6,1.3712,0.0506,0.4744,0.4935,IMG_5353.jpg,92.4,284565,0.978,317.3,1100,cellpose,0.688,825
416.9,416.0,1.1138,0.0,39,138.9,142.3,99.5,1.0222,0.0579,0.4245,0.4216,IMG_5354.jpg,108.3,280817,0.987,315.7,1100,cellpose,0.688,825
353.9,319.5,1.3519,0.0,36,126.5,146.2,94.1,0.8501,0.0448,0.6035,0.6286,IMG_5355.jpg,99.7,284565,0.985,317.4,1100,cellpose,0.688,825
517.3,518.5,1.1503,0.0,26,90.8,144.4,96.1,1.1256,0.047,0.4746,0.4524,IMG_5356.jpg,91.1,286453,0.986,318.5,1100,cellpose,0.688,825
556.3,566.0,1.2977,0.0,51,181.6,109.3,151.2,1.0592,0.101,0.6027,0.6231,IMG_5376.jpg,88.7,280817,0.985,315.5,1100,cellpose,0.688,825
542.8,567.0,1.3019,0.02,50,179.2,110.2,150.6,1.0412,0.0973,0.613,0.633,IMG_5377.jpg,75.3,278985,0.983,314.2,1100,cellpose,0.688,825
399.0,362.0,1.3893,0.071,85,302.7,125.7,117.0,1.0649,0.1208,0.6451,0.6434,IMG_5378.jpg,80.8,280817,0.982,315.6,1100,cellpose,0.688,825
429.0,432.0,1.2464,0.029,103,366.8,123.8,117.4,1.1296,0.1573,0.5408,0.5314,IMG_5379.jpg,99.2,280817,0.982,314.9,1100,cellpose,0.688,825
416.2,422.0,1.1498,0.017,117,419.4,115.4,127.7,1.2166,0.1745,0.445,0.4392,IMG_5380.jpg,98.7,278985,0.981,314.5,1100,cellpose,0.688,825
441.9,435.0,1.1424,0.0,115,409.5,121.9,117.9,1.2199,0.181,0.4449,0.4512,IMG_5381.jpg,107.4,280817,0.982,315.3,1100,cellpose,0.688,825
433.0,435.0,1.2116,0.018,109,383.0,116.9,122.9,1.2562,0.1659,0.5088,0.497,IMG_5382.jpg,87.5,284565,0.982,317.1,1100,cellpose,0.688,825
418.0,429.0,1.1795,0.016,127,452.3,117.7,122.4,1.2329,0.1891,0.4893,0.4799,IMG_5383.jpg,90.1,280817,0.978,315.5,1100,cellpose,0.688,825
458.4,462.0,1.1273,0.0,109,388.2,112.6,133.7,1.1806,0.1779,0.4368,0.4446,IMG_5384.jpg,96.3,280817,0.978,315.5,1100,cellpose,0.688,825
453.6,448.5,1.1392,0.0,128,449.8,113.4,133.8,1.2836,0.204,0.4421,0.4424,IMG_5385.jpg,100.1,284565,0.98,317.0,1100,cellpose,0.688,825
432.0,432.0,1.1633,0.0,143,505.8,112.5,134.2,1.2658,0.2185,0.4777,0.4724,IMG_5386.jpg,114.7,282697,0.979,316.7,1100,cellpose,0.688,825
425.8,429.5,1.1539,0.014,142,499.0,113.8,129.2,1.2165,0.2125,0.4574,0.4699,IMG_5387.jpg,108.5,284565,0.979,317.1,1100,cellpose,0.688,825
427.3,426.5,1.1427,0.013,80,281.1,131.2,105.8,1.2133,0.1201,0.4423,0.4347,IMG_5388.jpg,81.5,284565,0.982,317.3,1100,cellpose,0.688,825
408.8,415.0,1.281,0.028,72,253.0,135.4,99.4,0.9879,0.1034,0.5647,0.5373,IMG_5389.jpg,74.2,284565,0.983,317.3,1100,cellpose,0.688,825
417.7,423.0,1.2011,0.0,73,256.5,121.1,129.4,1.102,0.1072,0.5367,0.5399,IMG_5390.jpg,73.6,284565,0.978,317.5,1100,cellpose,0.688,825
482.0,485.0,1.2859,0.0,83,295.6,117.5,143.8,1.1296,0.1425,0.6072,0.6271,IMG_5391.jpg,80.6,280817,0.976,315.4,1100,cellpose,0.688,825
472.3,471.0,1.2318,0.0,93,326.8,117.2,141.5,1.1388,0.1544,0.5564,0.5717,IMG_5392.jpg,96.9,284565,0.979,317.9,1100,cellpose,0.688,825
438.8,419.5,1.1674,0.0,64,229.4,125.3,130.6,1.0503,0.1007,0.4855,0.4951,IMG_5393.jpg,76.0,278985,0.985,314.5,1100,cellpose,0.688,825
354.4,324.0,1.4159,0.071,84,299.1,131.2,111.9,0.9832,0.106,0.6571,0.6742,IMG_5394.jpg,83.3,280817,0.982,315.1,1100,cellpose,0.688,825
393.5,394.5,1.1887,0.031,64,227.9,131.8,106.5,1.0555,0.0897,0.4948,0.491,IMG_5395.jpg,79.8,280817,0.981,315.3,1100,cellpose,0.688,825
403.9,414.0,1.2817,0.015,67,237.0,132.2,103.5,1.1662,0.0957,0.5618,0.6012,IMG_5396.jpg,74.8,282697,0.983,316.4,1100,cellpose,0.688,825
452.6,465.0,1.1703,0.041,73,256.5,121.8,117.7,1.2287,0.1161,0.4746,0.4773,IMG_5397.jpg,90.8,284565,0.979,317.1,1100,cellpose,0.688,825
479.9,455.0,1.2486,0.0,71,251.2,111.8,144.4,1.1778,0.1205,0.576,0.5797,IMG_5398.jpg,88.8,282697,0.977,316.8,1100,cellpose,0.688,825
450.3,466.5,1.1666,0.009,106,372.5,128.7,106.3,1.2241,0.1678,0.4683,0.4733,IMG_5399.jpg,104.3,284565,0.983,317.0,1100,cellpose,0.688,825
447.5,459.5,1.1609,0.009,106,372.5,129.3,106.3,1.199,0.1667,0.4735,0.4676,IMG_5400.jpg,101.4,284565,0.98,316.9,1100,cellpose,0.688,825
433.7,434.0,1.3088,0.044,91,317.7,126.1,108.6,1.0637,0.1378,0.5823,0.5871,IMG_5401.jpg,97.4,286453,0.98,317.9,1100,cellpose,0.688,825
393.6,404.0,1.2398,0.02,98,392.4,136.9,105.0,1.2141,0.1544,0.4998,0.4935,IMG_5402.jpg,60.1,249773,0.983,297.5,1100,cellpose,0.688,825
433.9,426.0,1.2386,0.011,180,628.4,125.8,121.9,1.2537,0.2726,0.5574,0.5631,IMG_5403.jpg,120.4,286453,0.976,318.6,1100,cellpose,0.688,825
446.9,456.0,1.165,0.043,115,404.1,133.2,103.5,1.2458,0.1806,0.4792,0.4915,IMG_5404.jpg,112.3,284565,0.98,317.6,1100,cellpose,0.688,825
444.2,449.0,1.1944,0.007,139,491.7,134.1,103.0,1.3603,0.2184,0.4985,0.4899,IMG_5405.jpg,107.3,282697,0.982,316.6,1100,cellpose,0.688,825
355.6,312.0,1.455,0.037,82,288.2,136.4,104.7,0.9992,0.1025,0.6703,0.7125,IMG_5406.jpg,97.9,284565,0.983,317.7,1100,cellpose,0.688,825
461.4,432.0,1.2244,0.0,127,443.4,114.3,135.2,1.2767,0.2046,0.5502,0.5651,IMG_5407.jpg,101.1,286453,0.981,318.3,1100,cellpose,0.688,825
547.6,560.0,1.2366,0.0,56,196.8,124.7,134.6,1.2004,0.1078,0.5543,0.5753,IMG_5408.jpg,90.1,284565,0.984,317.7,1100,cellpose,0.688,825
463.1,487.0,1.2851,0.024,82,286.3,138.9,98.6,1.0723,0.1326,0.5504,0.523,IMG_5409.jpg,91.9,286453,0.982,318.8,1100,cellpose,0.688,825
461.3,446.0,1.1552,0.008,119,415.4,133.0,106.9,1.2549,0.1916,0.4718,0.4693,IMG_5410.jpg,108.4,286453,0.977,318.7,1100,cellpose,0.688,825
410.8,416.0,1.2029,0.005,182,639.6,129.1,115.9,1.2358,0.2627,0.5197,0.5299,IMG_5411.jpg,121.1,284565,0.977,317.8,1100,cellpose,0.688,825
457.8,478.0,1.1797,0.0,65,223.9,111.6,128.3,1.0818,0.1025,0.4915,0.4846,IMG_5431.jpg,80.9,290273,0.987,321.0,1100,cellpose,0.688,825
518.1,503.5,1.2868,0.0,72,246.4,105.7,144.3,1.1349,0.1277,0.5925,0.6045,IMG_5432.jpg,83.2,292201,0.98,321.7,1100,cellpose,0.688,825
512.8,491.0,1.2988,0.011,89,304.6,104.0,147.7,1.1149,0.1562,0.5974,0.5875,IMG_5433.jpg,76.8,292201,0.981,321.5,1100,cellpose,0.688,825
429.6,422.0,1.1765,0.014,73,249.8,119.8,127.0,1.0935,0.1073,0.4869,0.5004,IMG_5434.jpg,83.3,292201,0.986,321.2,1100,cellpose,0.688,825
494.8,495.5,1.3402,0.011,90,308.0,103.2,149.2,1.1937,0.1524,0.633,0.6264,IMG_5435.jpg,84.0,292201,0.976,321.8,1100,cellpose,0.688,825
414.2,420.0,1.2582,0.037,54,186.0,115.6,127.3,1.0189,0.0771,0.5446,0.5311,IMG_5436.jpg,79.5,290273,0.988,321.0,1100,cellpose,0.688,825
350.0,269.0,1.4012,0.071,70,239.6,127.7,114.9,0.8879,0.0839,0.6488,0.6928,IMG_5437.jpg,82.5,292201,0.985,321.5,1100,cellpose,0.688,825
381.7,376.0,1.2562,0.03,67,229.3,129.1,119.4,1.1698,0.0875,0.5644,0.5815,IMG_5438.jpg,83.0,292201,0.985,321.7,1100,cellpose,0.688,825
496.2,481.0,1.2981,0.0,71,243.0,118.1,138.4,1.0386,0.1206,0.6093,0.6428,IMG_5439.jpg,78.3,292201,0.985,321.5,1100,cellpose,0.688,825
523.1,510.5,1.3041,0.017,58,198.5,116.3,138.6,1.0257,0.1038,0.6092,0.6434,IMG_5440.jpg,72.9,292201,0.985,321.5,1100,cellpose,0.688,825
310.7,273.5,1.4334,0.076,66,225.9,128.9,112.7,0.8917,0.0702,0.6637,0.7033,IMG_5441.jpg,73.3,292201,0.985,321.4,1100,cellpose,0.688,825
398.6,417.0,1.2812,0.037,54,184.8,126.0,120.6,0.9865,0.0737,0.5746,0.5742,IMG_5442.jpg,75.2,292201,0.983,321.8,1100,cellpose,0.688,825
329.2,284.5,1.4892,0.023,88,301.2,132.5,113.2,0.808,0.0991,0.708,0.7425,IMG_5443.jpg,71.5,292201,0.985,321.5,1100,cellpose,0.688,825
441.8,434.0,1.2874,0.027,73,249.8,118.5,138.4,1.0304,0.1104,0.5978,0.6031,IMG_5444.jpg,74.9,292201,0.984,321.6,1100,cellpose,0.688,825
395.3,389.0,1.198,0.017,115,386.0,133.1,112.6,1.1477,0.1526,0.5073,0.5136,IMG_5445.jpg,130.8,297965,0.979,325.2,1100,cellpose,0.688,825
485.4,464.0,1.3013,0.01,97,329.8,118.7,132.6,1.1698,0.1601,0.6006,0.6205,IMG_5446.jpg,86.5,294137,0.978,322.7,1100,cellpose,0.688,825
429.9,413.5,1.2274,0.009,114,387.6,123.1,129.6,1.1477,0.1666,0.542,0.5866,IMG_5447.jpg,88.3,294137,0.982,322.4,1100,cellpose,0.688,825
335.4,305.0,1.4096,0.041,73,248.2,134.9,107.3,0.9539,0.0832,0.6587,0.7011,IMG_5448.jpg,78.8,294137,0.979,322.9,1100,cellpose,0.688,825
412.0,432.0,1.2284,0.027,73,248.2,126.7,114.8,1.1827,0.1023,0.524,0.5131,IMG_5449.jpg,91.4,294137,0.98,322.3,1100,cellpose,0.688,825
334.3,293.0,1.4326,0.04,101,343.4,130.5,110.9,1.0318,0.1148,0.671,0.7029,IMG_5450.jpg,95.0,294137,0.981,322.6,1100,cellpose,0.688,825
487.1,470.0,1.3559,0.036,110,374.0,111.0,141.8,1.2186,0.1822,0.6442,0.6666,IMG_5451.jpg,98.2,294137,0.978,322.5,1100,cellpose,0.688,825
488.6,462.0,1.3066,0.0,129,441.5,111.2,139.8,1.3035,0.2157,0.6082,0.6217,IMG_5452.jpg,94.9,292201,0.972,322.1,1100,cellpose,0.688,825
434.4,401.0,1.2671,0.006,165,550.3,122.0,124.6,1.2616,0.239,0.5776,0.5967,IMG_5490.jpg,145.6,299861,0.979,326.3,1100,cellpose,0.688,825
397.7,391.0,1.2101,0.03,165,550.3,130.0,120.8,1.2691,0.2189,0.5192,0.531,IMG_5491.jpg,125.2,299861,0.982,325.8,1100,cellpose,0.688,825
392.8,400.0,1.24,0.041,123,410.2,130.4,115.9,1.2382,0.1611,0.5349,0.5529,IMG_5492.jpg,134.5,299861,0.982,325.8,1100,cellpose,0.688,825
414.9,403.0,1.2654,0.014,141,470.2,126.8,125.6,1.184,0.1951,0.5669,0.5692,IMG_5493.jpg,130.9,299861,0.983,326.0,1100,cellpose,0.688,825
414.5,392.0,1.1892,0.021,142,470.4,128.4,119.6,1.2394,0.195,0.491,0.5,IMG_5494.jpg,143.8,301893,0.979,326.7,1100,cellpose,0.688,825
417.7,400.0,1.2243,0.012,163,539.9,125.9,116.6,1.2196,0.2255,0.5308,0.5394,IMG_5495.jpg,131.3,301893,0.977,327.4,1100,cellpose,0.688,825
292.3,268.0,1.5087,0.132,106,353.5,139.0,99.4,0.9459,0.1033,0.7084,0.7403,IMG_5496.jpg,111.9,299861,0.977,326.3,1100,cellpose,0.688,825
283.8,269.0,1.4743,0.046,108,357.7,135.6,102.5,1.0147,0.1015,0.693,0.7241,IMG_5497.jpg,132.4,301893,0.977,326.8,1100,cellpose,0.688,825
324.7,269.0,1.421,0.067,135,447.2,133.6,100.8,1.122,0.1452,0.6586,0.6726,IMG_5498.jpg,128.3,301893,0.979,326.5,1100,cellpose,0.688,825
321.1,287.5,1.3209,0.125,64,210.7,138.6,99.8,1.2171,0.0676,0.6,0.5992,IMG_5499.jpg,120.2,303809,0.974,327.5,1100,cellpose,0.688,825
301.3,265.0,1.4512,0.097,72,238.5,143.4,99.1,1.0255,0.0719,0.6525,0.7167,IMG_5500.jpg,106.7,301893,0.977,326.9,1100,cellpose,0.688,825
303.2,267.0,1.4869,0.064,110,364.4,134.4,109.3,0.9808,0.1105,0.6856,0.7262,IMG_5501.jpg,106.8,301893,0.977,326.5,1100,cellpose,0.688,825
321.1,290.0,1.4327,0.062,81,268.3,138.0,109.2,0.9646,0.0861,0.6752,0.7031,IMG_5502.jpg,101.4,301893,0.977,326.8,1100,cellpose,0.688,825
355.7,266.0,1.4714,0.057,70,233.4,137.6,104.5,0.938,0.083,0.6561,0.7043,IMG_5503.jpg,120.6,299861,0.982,325.6,1100,cellpose,0.688,825
291.2,252.0,1.4829,0.09,67,223.4,141.4,100.7,1.0209,0.0651,0.6971,0.7203,IMG_5504.jpg,113.7,299861,0.979,325.9,1100,cellpose,0.688,825
476.1,445.0,1.3208,0.045,88,295.3,127.4,122.0,1.0207,0.1406,0.6201,0.6508,IMG_5505.jpg,125.2,297965,0.983,325.0,1100,cellpose,0.688,825
560.4,533.0,1.2594,0.023,43,144.3,124.0,132.6,0.947,0.0809,0.5682,0.5882,IMG_5506.jpg,117.1,297965,0.981,325.2,1100,cellpose,0.688,825
572.7,587.0,1.2341,0.034,29,97.3,128.7,123.1,0.9937,0.0557,0.5581,0.5783,IMG_5507.jpg,109.4,297965,0.982,324.5,1100,cellpose,0.688,825
452.3,446.5,1.3035,0.026,76,255.1,128.2,124.9,1.0145,0.1154,0.6127,0.6137,IMG_5508.jpg,124.9,297965,0.984,324.8,1100,cellpose,0.688,825
344.4,317.0,1.33,0.028,72,240.1,140.5,101.0,1.0014,0.0827,0.5973,0.5931,IMG_5509.jpg,113.0,299861,0.98,325.8,1100,cellpose,0.688,825
467.4,467.0,1.2784,0.009,106,355.7,123.6,130.7,1.1329,0.1663,0.5913,0.604,IMG_5510.jpg,132.1,297965,0.98,325.2,1100,cellpose,0.688,825
544.2,539.0,1.2935,0.011,87,292.0,122.8,131.1,1.2292,0.1589,0.6029,0.63,IMG_5511.jpg,118.8,297965,0.979,325.2,1100,cellpose,0.688,825
535.3,538.0,1.3045,0.035,86,286.8,122.1,130.9,1.2291,0.1535,0.61,0.6405,IMG_5512.jpg,115.8,299861,0.977,325.3,1100,cellpose,0.688,825
515.8,505.0,1.2868,0.027,75,250.1,120.7,129.0,1.0342,0.129,0.5846,0.6133,IMG_5513.jpg,108.7,299861,0.977,325.4,1100,cellpose,0.688,825
473.4,473.5,1.2856,0.0,100,335.6,125.3,128.9,1.1614,0.1589,0.6025,0.6216,IMG_5514.jpg,118.0,297965,0.981,324.9,1100,cellpose,0.688,825
403.2,413.0,1.177,0.006,175,583.6,129.2,109.3,1.3054,0.2353,0.4917,0.4935,IMG_5542.jpg,149.5,299861,0.979,325.8,1100,cellpose,0.688,825
423.3,409.5,1.2275,0.004,274,913.8,123.4,123.4,1.4578,0.3868,0.5542,0.5596,IMG_5543.jpg,147.5,299861,0.974,326.3,1100,cellpose,0.688,825
446.9,426.0,1.2854,0.0,170,570.5,115.3,131.6,1.3196,0.255,0.5941,0.6039,IMG_5544.jpg,137.1,297965,0.975,325.0,1100,cellpose,0.688,825
442.8,432.0,1.2648,0.008,259,863.7,119.0,129.0,1.4904,0.3825,0.5875,0.6069,IMG_5545.jpg,154.3,299861,0.977,325.9,1100,cellpose,0.688,825
419.1,407.0,1.2498,0.008,241,803.7,121.8,123.5,1.4197,0.3369,0.5708,0.5869,IMG_5546.jpg,156.6,299861,0.976,326.1,1100,cellpose,0.688,825
406.0,394.0,1.1874,0.0,258,860.4,130.9,112.6,1.4285,0.3493,0.5019,0.5122,IMG_5547.jpg,166.3,299861,0.979,325.8,1100,cellpose,0.688,825
398.3,374.0,1.1569,0.0,211,703.7,126.3,114.7,1.3851,0.2803,0.4681,0.474,IMG_5548.jpg,152.7,299861,0.982,325.4,1100,cellpose,0.688,825
412.5,393.0,1.1561,0.013,150,496.9,128.3,110.5,1.2768,0.205,0.4669,0.4545,IMG_5549.jpg,147.8,301893,0.974,326.3,1100,cellpose,0.688,825
391.0,386.5,1.1582,0.0,196,649.2,127.6,114.6,1.3856,0.2538,0.4674,0.4707,IMG_5550.jpg,156.2,301893,0.976,326.4,1100,cellpose,0.688,825
391.3,375.0,1.2045,0.003,299,997.1,124.4,121.4,1.4966,0.3902,0.5306,0.5369,IMG_5551.jpg,172.8,299861,0.977,326.1,1100,cellpose,0.688,825
394.4,393.0,1.1768,0.0,292,973.8,125.9,117.3,1.4974,0.3841,0.5004,0.5086,IMG_5552.jpg,165.4,299861,0.976,326.2,1100,cellpose,0.688,825
413.2,398.0,1.2452,0.003,301,1003.8,127.0,121.6,1.5112,0.4148,0.5668,0.5875,IMG_5553.jpg,134.7,299861,0.977,325.8,1100,cellpose,0.688,825
453.4,441.0,1.2752,0.008,263,871.2,123.1,125.0,1.5071,0.395,0.5908,0.6015,IMG_5554.jpg,130.4,301893,0.974,326.4,1100,cellpose,0.688,825
418.1,396.0,1.2455,0.004,283,943.8,122.2,125.7,1.4798,0.3946,0.5703,0.5903,IMG_5555.jpg,151.1,299861,0.976,325.8,1100,cellpose,0.688,825
455.5,455.0,1.2708,0.0,282,940.4,121.8,124.2,1.5372,0.4283,0.5794,0.6039,IMG_5556.jpg,152.0,299861,0.977,325.4,1100,cellpose,0.688,825
377.6,352.5,1.2575,0.03,134,446.9,128.6,116.5,1.2962,0.1687,0.5587,0.5744,IMG_5557.jpg,121.3,299861,0.978,326.1,1100,cellpose,0.688,825
434.7,435.0,1.2112,0.013,229,778.5,114.6,126.8,1.4327,0.3384,0.5301,0.5421,IMG_5558.jpg,106.4,294137,0.974,323.0,1100,cellpose,0.688,825
441.8,444.0,1.2444,0.012,255,866.9,116.5,129.3,1.4836,0.383,0.5587,0.5631,IMG_5559.jpg,118.1,294137,0.976,322.7,1100,cellpose,0.688,825
475.9,466.0,1.2773,0.008,245,827.6,108.7,136.6,1.4977,0.3939,0.5886,0.6029,IMG_5560.jpg,99.5,296025,0.969,323.6,1100,cellpose,0.688,825
420.4,401.0,1.2048,0.008,257,873.7,116.9,130.1,1.4942,0.3674,0.5314,0.5448,IMG_5561.jpg,121.6,294137,0.976,323.0,1100,cellpose,0.688,825
398.2,386.5,1.1486,0.007,272,924.7,122.9,124.2,1.5292,0.3682,0.4481,0.4498,IMG_5562.jpg,114.2,294137,0.976,323.1,1100,cellpose,0.688,825
423.1,410.5,1.2086,0.003,292,992.7,115.9,132.7,1.5555,0.42,0.5359,0.5443,IMG_5563.jpg,119.4,294137,0.975,322.4,1100,cellpose,0.688,825
402.7,377.0,1.164,0.007,299,1023.3,122.6,119.1,1.5536,0.4121,0.486,0.4942,IMG_5564.jpg,130.7,292201,0.978,321.4,1100,cellpose,0.688,825
411.7,393.0,1.1651,0.003,302,1033.5,120.4,121.7,1.5613,0.4255,0.485,0.4954,IMG_5565.jpg,132.4,292201,0.973,321.6,1100,cellpose,0.688,825
395.5,382.0,1.1528,0.0,329,1125.9,122.9,116.8,1.5976,0.4453,0.4716,0.4806,IMG_5566.jpg,137.5,292201,0.975,321.8,1100,cellpose,0.688,825
413.0,410.0,1.1932,0.0,317,1084.9,119.1,123.8,1.5634,0.4481,0.5184,0.533,IMG_5567.jpg,135.5,292201,0.974,321.3,1100,cellpose,0.688,825
407.0,406.0,1.1468,0.017,242,828.2,121.6,117.2,1.5162,0.3371,0.4539,0.452,IMG_5568.jpg,112.8,292201,0.975,321.1,1100,cellpose,0.688,825
382.5,362.0,1.3209,0.041,195,667.3,124.6,112.8,1.3006,0.2553,0.5846,0.5722,IMG_5569.jpg,101.2,292201,0.976,321.2,1100,cellpose,0.688,825
369.3,360.0,1.3617,0.055,164,561.3,124.4,113.7,1.22,0.2073,0.6074,0.6299,IMG_5570.jpg,103.0,292201,0.971,321.2,1100,cellpose,0.688,825
402.7,387.0,1.1523,0.004,245,838.5,122.3,119.8,1.5014,0.3376,0.4642,0.4677,IMG_5571.jpg,122.0,292201,0.973,321.8,1100,cellpose,0.688,825
403.5,404.0,1.16,0.004,245,844.0,122.3,114.9,1.5162,0.3406,0.4709,0.4623,IMG_5572.jpg,120.7,290273,0.977,320.8,1100,cellpose,0.688,825
409.3,398.0,1.1513,0.004,277,954.3,123.3,125.0,1.5539,0.3906,0.4676,0.489,IMG_5573.jpg,135.6,290273,0.978,321.0,1100,cellpose,0.688,825
416.9,414.0,1.149,0.008,265,906.9,123.0,123.5,1.535,0.3781,0.462,0.4645,IMG_5574.jpg,122.2,292201,0.975,321.3,1100,cellpose,0.688,825
412.5,397.0,1.1415,0.003,323,1105.4,123.5,121.2,1.6122,0.456,0.4551,0.4625,IMG_5575.jpg,133.6,292201,0.975,321.7,1100,cellpose,0.688,825
397.7,397.0,1.1465,0.01,210,723.5,121.1,119.6,1.4848,0.2877,0.4587,0.458,IMG_5576.jpg,117.2,290273,0.976,321.0,1100,cellpose,0.688,825
366.0,348.5,1.3584,0.129,140,479.1,124.7,116.3,1.2443,0.1754,0.6219,0.6414,IMG_5577.jpg,105.0,292201,0.971,321.1,1100,cellpose,0.688,825
398.0,392.0,1.1529,0.005,371,1269.7,125.7,113.8,1.6802,0.5054,0.4695,0.4678,IMG_5578.jpg,141.7,292201,0.973,322.0,1100,cellpose,0.688,825
404.5,396.0,1.1526,0.008,353,1208.1,126.2,116.7,1.6585,0.4887,0.4672,0.4775,IMG_5579.jpg,144.6,292201,0.975,321.4,1100,cellpose,0.688,825
394.8,375.0,1.1537,0.009,338,1156.7,125.3,119.1,1.6377,0.4567,0.4649,0.4716,IMG_5580.jpg,141.8,292201,0.975,321.4,1100,cellpose,0.688,825
422.5,405.0,1.1633,0.0,286,978.8,121.2,129.3,1.5627,0.4135,0.4844,0.4951,IMG_5581.jpg,133.3,292201,0.977,321.3,1100,cellpose,0.688,825
415.6,402.0,1.2458,0.0,225,764.9,116.3,133.5,1.3876,0.3179,0.5699,0.5867,IMG_5609.jpg,130.2,294137,0.974,322.3,1100,cellpose,0.688,825
442.5,435.5,1.2309,0.005,222,749.9,116.2,134.8,1.3559,0.3319,0.5602,0.576,IMG_5610.jpg,123.3,296025,0.973,323.4,1100,cellpose,0.688,825
439.5,442.0,1.2465,0.005,214,727.6,113.8,138.7,1.3909,0.3198,0.5628,0.5863,IMG_5611.jpg,125.6,294137,0.974,322.9,1100,cellpose,0.688,825
451.4,430.0,1.2817,0.006,161,551.0,110.1,146.9,1.2665,0.2487,0.6016,0.6186,IMG_5612.jpg,107.8,292201,0.976,321.9,1100,cellpose,0.688,825
471.8,461.0,1.2795,0.007,151,513.4,112.2,144.4,1.2945,0.2422,0.5976,0.6127,IMG_5613.jpg,107.3,294137,0.976,322.7,1100,cellpose,0.688,825
414.1,402.5,1.1615,0.0,174,591.6,119.5,126.1,1.2727,0.245,0.4751,0.4855,IMG_5614.jpg,117.4,294137,0.979,322.3,1100,cellpose,0.688,825
414.3,406.5,1.1727,0.0,128,435.2,122.0,125.2,1.2534,0.1803,0.4836,0.4864,IMG_5615.jpg,107.8,294137,0.977,323.1,1100,cellpose,0.688,825
446.3,442.0,1.253,0.0,137,468.9,115.0,136.8,1.2355,0.2093,0.5809,0.5974,IMG_5616.jpg,106.4,292201,0.983,321.8,1100,cellpose,0.688,825
456.4,443.0,1.2473,0.0,235,804.2,114.3,135.9,1.4266,0.3671,0.5751,0.5964,IMG_5617.jpg,135.4,292201,0.978,321.9,1100,cellpose,0.688,825
455.3,432.5,1.2527,0.0,172,588.6,114.8,137.3,1.3138,0.268,0.5752,0.5954,IMG_5618.jpg,116.1,292201,0.979,322.1,1100,cellpose,0.688,825
458.3,440.0,1.2941,0.0,181,619.4,111.7,142.9,1.3499,0.2839,0.6082,0.6333,IMG_5619.jpg,116.5,292201,0.978,321.4,1100,cellpose,0.688,825
455.5,435.0,1.2647,0.011,187,640.0,111.6,138.2,1.3779,0.2915,0.5867,0.5978,IMG_5620.jpg,117.1,292201,0.975,321.6,1100,cellpose,0.688,825
391.3,361.0,1.3207,0.058,121,414.1,125.1,118.5,1.2568,0.162,0.6044,0.5997,IMG_5621.jpg,91.0,292201,0.977,321.9,1100,cellpose,0.688,825
407.9,395.5,1.2051,0.007,142,486.0,124.9,120.1,1.3776,0.1982,0.5009,0.4951,IMG_5622.jpg,100.4,292201,0.976,321.8,1100,cellpose,0.688,825
426.2,424.0,1.1648,0.005,193,664.9,119.6,133.2,1.4056,0.2834,0.4835,0.4895,IMG_5623.jpg,112.3,290273,0.979,320.5,1100,cellpose,0.688,825
429.7,413.0,1.1997,0.01,199,685.6,117.8,135.5,1.3968,0.2946,0.5213,0.5376,IMG_5624.jpg,123.6,290273,0.978,320.9,1100,cellpose,0.688,825
402.5,388.0,1.1429,0.006,175,602.9,121.3,128.6,1.3545,0.2427,0.4552,0.4532,IMG_5625.jpg,111.1,290273,0.982,321.0,1100,cellpose,0.688,825
415.2,415.0,1.1788,0.017,120,410.7,125.5,121.9,1.2115,0.1705,0.489,0.4957,IMG_5626.jpg,103.7,292201,0.982,321.9,1100,cellpose,0.688,825
442.4,431.0,1.169,0.0,170,581.8,120.5,131.3,1.3442,0.2574,0.495,0.5026,IMG_5627.jpg,114.9,292201,0.978,322.1,1100,cellpose,0.688,825
423.4,402.0,1.1455,0.0,110,376.5,121.5,126.4,1.2277,0.1594,0.4462,0.447,IMG_5628.jpg,100.5,292201,0.982,321.6,1100,cellpose,0.688,825
441.5,428.0,1.1616,0.0,106,360.4,119.4,135.2,1.1381,0.1591,0.4804,0.4824,IMG_5629.jpg,101.0,294137,0.98,322.3,1100,cellpose,0.688,825
472.2,460.0,1.1898,0.0,115,393.6,114.9,141.6,1.2615,0.1858,0.5197,0.5215,IMG_5630.jpg,111.0,292201,0.978,321.3,1100,cellpose,0.688,825
482.1,478.0,1.2963,0.0,152,520.2,111.4,146.4,1.3328,0.2508,0.6096,0.6234,IMG_5631.jpg,110.2,292201,0.974,321.6,1100,cellpose,0.688,825
319.6,275.0,1.4721,0.068,148,493.6,136.1,102.9,1.0604,0.1577,0.6958,0.728,IMG_5658.jpg,96.9,299861,0.978,325.9,1100,cellpose,0.688,825
420.7,424.0,1.2362,0.015,131,436.9,135.7,105.7,1.2305,0.1838,0.5175,0.4854,IMG_5659.jpg,94.8,299861,0.979,325.8,1100,cellpose,0.688,825
409.2,391.0,1.1807,0.025,122,406.9,132.4,112.0,1.2296,0.1665,0.4877,0.4731,IMG_5660.jpg,103.7,299861,0.982,325.6,1100,cellpose,0.688,825
435.7,438.0,1.2416,0.006,154,513.6,123.1,128.7,1.2227,0.2238,0.5568,0.5501,IMG_5661.jpg,106.4,299861,0.981,325.5,1100,cellpose,0.688,825
429.4,431.0,1.2089,0.0,155,516.9,125.0,126.4,1.2236,0.222,0.5193,0.5264,IMG_5662.jpg,115.7,299861,0.977,326.2,1100,cellpose,0.688,825
414.2,397.5,1.1689,0.015,134,446.9,124.2,124.1,1.2322,0.1851,0.4826,0.4785,IMG_5663.jpg,111.8,299861,0.978,326.0,1100,cellpose,0.688,825
445.2,456.5,1.2336,0.006,154,513.6,120.4,129.5,1.2352,0.2286,0.5614,0.5612,IMG_5664.jpg,129.6,299861,0.981,325.4,1100,cellpose,0.688,825
387.9,368.5,1.2992,0.083,120,400.2,135.1,106.3,1.0947,0.1552,0.5754,0.5687,IMG_5665.jpg,119.1,299861,0.979,325.9,1100,cellpose,0.688,825
432.8,423.5,1.1674,0.017,116,389.3,127.1,123.0,1.1731,0.1685,0.4818,0.4913,IMG_5666.jpg,94.1,297965,0.985,325.0,1100,cellpose,0.688,825
418.3,419.5,1.1691,0.0,118,393.5,131.6,117.3,1.2058,0.1646,0.4844,0.4847,IMG_5667.jpg,122.8,299861,0.981,325.7,1100,cellpose,0.688,825
412.0,412.0,1.1691,0.017,118,393.5,132.0,117.9,1.1909,0.1621,0.4804,0.4938,IMG_5668.jpg,122.7,299861,0.981,325.7,1100,cellpose,0.688,825
525.2,518.0,1.2837,0.017,120,400.2,110.1,136.9,1.324,0.2102,0.5881,0.6044,IMG_5669.jpg,80.8,299861,0.976,325.6,1100,cellpose,0.688,825
348.1,296.0,1.4652,0.104,106,355.7,135.0,106.9,1.0204,0.1238,0.6856,0.717,IMG_5670.jpg,90.6,297965,0.981,325.2,1100,cellpose,0.688,825
428.4,404.0,1.2159,0.007,135,450.2,121.7,128.4,1.2072,0.1929,0.5366,0.5546,IMG_5671.jpg,119.1,299861,0.982,325.5,1100,cellpose,0.688,825
317.0,297.5,1.4507,0.108,74,246.8,141.4,99.5,0.8243,0.0782,0.6777,0.7341,IMG_5672.jpg,103.9,299861,0.981,325.6,1100,cellpose,0.688,825
422.4,396.0,1.2315,0.007,151,503.6,118.8,131.4,1.2325,0.2127,0.5575,0.5698,IMG_5673.jpg,122.0,299861,0.98,325.5,1100,cellpose,0.688,825
536.2,482.0,1.222,0.037,81,271.8,112.1,134.8,1.1696,0.1458,0.5289,0.5368,IMG_5674.jpg,101.2,297965,0.978,325.3,1100,cellpose,0.688,825
424.1,433.0,1.1842,0.01,100,333.5,133.0,113.4,1.0891,0.1414,0.4939,0.4829,IMG_5675.jpg,98.3,299861,0.985,325.4,1100,cellpose,0.688,825
505.6,488.0,1.3283,0.009,109,363.5,119.7,132.3,1.1333,0.1838,0.6314,0.6563,IMG_5676.jpg,90.4,299861,0.978,325.7,1100,cellpose,0.688,825
421.2,406.0,1.1676,0.0,125,416.9,125.0,122.4,1.21,0.1756,0.4783,0.4687,IMG_5677.jpg,116.2,299861,0.979,326.0,1100,cellpose,0.688,825
434.1,412.0,1.238,0.0,113,376.8,119.0,135.2,1.1419,0.1636,0.5593,0.5701,IMG_5678.jpg,112.7,299861,0.977,326.1,1100,cellpose,0.688,825
411.6,407.0,1.1809,0.008,128,429.6,131.1,114.3,1.2551,0.1768,0.483,0.4773,IMG_5679.jpg,115.2,297965,0.984,325.2,1100,cellpose,0.688,825
409.9,424.0,1.2163,0.025,118,396.0,132.7,110.4,1.1955,0.1623,0.513,0.5011,IMG_5680.jpg,102.2,297965,0.983,325.2,1100,cellpose,0.688,825
366.0,351.5,1.2408,0.019,104,370.3,134.1,134.4,1.184,0.1356,0.5459,0.5519,IMG_5681.jpg,132.7,280817,0.979,315.6,1100,cellpose,0.688,825
368.7,350.0,1.2301,0.0,103,364.3,134.4,134.0,1.1904,0.1344,0.5317,0.5287,IMG_5682.jpg,122.8,282697,0.98,315.8,1100,cellpose,0.688,825
404.4,413.0,1.199,0.014,69,237.7,139.3,106.1,1.065,0.0961,0.5017,0.4831,IMG_5683.jpg,122.3,290273,0.984,320.1,1100,cellpose,0.688,825
414.8,397.0,1.2593,0.008,129,444.4,124.4,129.1,1.2019,0.1843,0.5668,0.5755,IMG_5684.jpg,138.9,290273,0.979,321.1,1100,cellpose,0.688,825
459.9,450.5,1.259,0.019,104,353.6,124.4,132.7,1.0742,0.1626,0.5816,0.5995,IMG_5685.jpg,127.9,294137,0.974,322.4,1100,cellpose,0.688,825
461.8,446.5,1.2605,0.019,106,360.4,124.2,132.7,1.0912,0.1664,0.5838,0.6086,IMG_5686.jpg,122.7,294137,0.974,322.4,1100,cellpose,0.688,825
367.5,376.0,1.2369,0.036,55,188.2,131.0,112.7,0.9233,0.0692,0.5249,0.5032,IMG_5687.jpg,116.5,292201,0.98,321.4,1100,cellpose,0.688,825
425.2,407.0,1.2826,0.026,116,397.0,122.9,130.5,1.0769,0.1688,0.5947,0.6067,IMG_5688.jpg,122.5,292201,0.98,321.3,1100,cellpose,0.688,825
403.1,376.0,1.2155,0.009,108,369.6,125.4,126.4,1.1189,0.149,0.5222,0.5164,IMG_5689.jpg,109.0,292201,0.978,321.6,1100,cellpose,0.688,825
413.5,411.0,1.2224,0.011,88,303.2,124.7,128.4,1.0725,0.1254,0.5317,0.5307,IMG_5690.jpg,121.4,290273,0.984,320.8,1100,cellpose,0.688,825
377.2,385.0,1.1923,0.02,99,338.8,129.3,117.3,1.1387,0.1278,0.508,0.5275,IMG_5691.jpg,121.6,292201,0.981,321.2,1100,cellpose,0.688,825
434.3,430.0,1.2038,0.0,74,253.3,135.6,104.5,1.0916,0.11,0.5103,0.5194,IMG_5692.jpg,114.9,292201,0.981,321.2,1100,cellpose,0.688,825
376.7,354.0,1.3449,0.035,85,290.9,135.8,104.3,1.0093,0.1096,0.5924,0.6018,IMG_5693.jpg,104.0,292201,0.981,321.2,1100,cellpose,0.688,825
459.4,449.0,1.2691,0.011,89,304.6,118.5,140.1,1.1034,0.1399,0.5863,0.6069,IMG_5694.jpg,120.2,292201,0.977,321.7,1100,cellpose,0.688,825
393.2,436.0,1.2567,0.02,51,175.7,142.3,101.8,1.008,0.0691,0.5502,0.5433,IMG_5695.jpg,97.9,290273,0.983,321.0,1100,cellpose,0.688,825
387.5,371.0,1.1707,0.01,103,354.8,128.2,119.7,1.1328,0.1375,0.4676,0.4467,IMG_5696.jpg,119.3,290273,0.983,321.0,1100,cellpose,0.688,825
301.9,265.0,1.448,0.039,77,265.3,129.1,115.3,0.8016,0.0801,0.6722,0.7218,IMG_5723.jpg,70.7,290273,0.981,320.6,1100,cellpose,0.688,825
315.9,272.0,1.4756,0.068,73,256.5,131.4,109.9,0.9011,0.081,0.6844,0.7179,IMG_5724.jpg,59.4,284565,0.978,317.1,1100,cellpose,0.688,825
419.7,413.5,1.1721,0.028,36,123.2,130.9,116.2,1.0436,0.0517,0.4837,0.4732,IMG_5725.jpg,63.5,292201,0.978,321.5,1100,cellpose,0.688,825
421.4,421.0,1.1692,0.0,69,237.7,126.7,120.8,1.1009,0.1002,0.4833,0.4815,IMG_5726.jpg,68.8,290273,0.983,320.7,1100,cellpose,0.688,825
327.9,264.0,1.389,0.065,77,265.3,129.7,112.1,0.7971,0.087,0.6402,0.6879,IMG_5727.jpg,64.4,290273,0.983,320.8,1100,cellpose,0.688,825
391.9,411.0,1.2051,0.0,36,124.0,130.3,117.1,1.0286,0.0486,0.5207,0.5162,IMG_5728.jpg,60.4,290273,0.986,320.3,1100,cellpose,0.688,825
381.1,330.0,1.5194,0.062,16,55.1,138.2,108.2,0.6623,0.021,0.6649,0.7174,IMG_5729.jpg,59.4,290273,0.986,320.1,1100,cellpose,0.688,825
382.9,388.0,1.1691,0.0,16,55.1,139.4,115.5,0.9474,0.0211,0.4786,0.4474,IMG_5730.jpg,60.6,290273,0.985,320.4,1100,cellpose,0.688,825
392.7,384.0,1.2438,0.054,37,127.5,129.6,116.9,0.9749,0.0501,0.5098,0.5147,IMG_5731.jpg,61.3,290273,0.986,320.4,1100,cellpose,0.688,825
399.4,396.5,1.2242,0.026,76,261.8,125.0,123.3,1.0772,0.1046,0.5357,0.5402,IMG_5732.jpg,75.0,290273,0.986,320.1,1100,cellpose,0.688,825
376.0,357.0,1.2668,0.051,79,272.2,127.1,116.4,0.9767,0.1023,0.5339,0.5056,IMG_5733.jpg,70.7,290273,0.984,320.4,1100,cellpose,0.688,825
400.8,390.5,1.2154,0.034,58,199.8,124.4,124.6,0.9967,0.0801,0.5058,0.5131,IMG_5734.jpg,64.7,290273,0.982,320.7,1100,cellpose,0.688,825
411.8,432.0,1.2097,0.013,79,272.2,127.5,118.6,1.0639,0.1121,0.497,0.4867,IMG_5735.jpg,69.5,290273,0.981,321.0,1100,cellpose,0.688,825
467.0,457.0,1.3248,0.022,90,306.0,119.6,134.8,1.0174,0.1429,0.638,0.647,IMG_5736.jpg,125.3,294137,0.977,322.6,1100,cellpose,0.688,825
436.3,442.0,1.2899,0.039,77,261.8,118.9,142.1,1.0504,0.1142,0.606,0.6161,IMG_5737.jpg,105.8,294137,0.981,322.7,1100,cellpose,0.688,825
467.9,455.0,1.2863,0.015,130,442.0,114.8,141.0,1.2289,0.2068,0.5851,0.5949,IMG_5738.jpg,120.4,294137,0.977,322.3,1100,cellpose,0.688,825
389.7,387.0,1.2125,0.013,78,265.2,128.8,127.5,1.024,0.1034,0.5296,0.5391,IMG_5739.jpg,115.8,294137,0.984,323.1,1100,cellpose,0.688,825
460.4,455.0,1.286,0.0,95,320.9,119.5,137.9,1.0485,0.1478,0.5953,0.5962,IMG_5740.jpg,119.0,296025,0.981,323.3,1100,cellpose,0.688,825
469.6,452.0,1.3094,0.02,101,343.4,115.6,139.0,1.1713,0.1613,0.6079,0.6051,IMG_5741.jpg,110.3,294137,0.98,322.2,1100,cellpose,0.688,825
417.2,417.0,1.1601,0.0,68,228.2,131.2,113.0,1.0561,0.0952,0.4792,0.4788,IMG_5742.jpg,111.5,297965,0.977,324.3,1100,cellpose,0.688,825
401.6,406.0,1.1683,0.014,73,246.6,131.5,114.5,1.043,0.099,0.4838,0.4758,IMG_5743.jpg,120.0,296025,0.978,323.8,1100,cellpose,0.688,825
380.8,376.0,1.2256,0.012,85,287.1,130.0,114.7,1.0323,0.1093,0.5157,0.5102,IMG_5744.jpg,123.8,296025,0.981,323.3,1100,cellpose,0.688,825
304.5,254.0,1.5412,0.111,45,153.0,134.4,109.5,1.0219,0.0466,0.7012,0.7467,IMG_5745.jpg,108.3,294137,0.981,323.2,1100,cellpose,0.688,825
459.2,449.5,1.3057,0.01,100,337.8,116.8,138.8,1.0785,0.1551,0.609,0.6252,IMG_5746.jpg,119.4,296025,0.973,323.6,1100,cellpose,0.688,825
477.7,482.0,1.2348,0.0,47,159.8,110.6,143.0,1.1464,0.0763,0.5606,0.5651,IMG_5747.jpg,102.7,294137,0.981,322.7,1100,cellpose,0.688,825
488.6,467.0,1.1981,0.0,127,440.3,96.5,158.6,1.2657,0.2151,0.524,0.5408,IMG_5776.jpg,104.3,288413,0.965,319.5,1100,cellpose,0.688,825
434.2,441.0,1.146,0.007,150,516.8,100.4,145.1,1.3143,0.2244,0.4504,0.442,IMG_5777.jpg,100.8,290273,0.967,321.0,1100,cellpose,0.688,825
382.0,370.0,1.2951,0.06,166,568.1,105.6,134.0,1.253,0.217,0.5767,0.595,IMG_5778.jpg,113.0,292201,0.954,321.7,1100,cellpose,0.688,825
434.6,423.5,1.2839,0.0,136,468.5,104.2,137.7,1.1675,0.2036,0.5463,0.5365,IMG_5779.jpg,94.8,290273,0.961,320.8,1100,cellpose,0.688,825
410.7,401.5,1.1554,0.004,274,943.9,100.9,139.8,1.5256,0.3877,0.4669,0.4755,IMG_5780.jpg,121.4,290273,0.961,320.7,1100,cellpose,0.688,825
539.8,512.0,1.2428,0.0,199,690.0,97.3,148.9,1.4804,0.3724,0.5584,0.5819,IMG_5781.jpg,111.8,288413,0.882,319.7,1100,cellpose,0.688,825
496.3,490.0,1.1705,0.0,207,713.1,99.7,148.3,1.4617,0.3539,0.4933,0.5051,IMG_5782.jpg,122.2,290273,0.957,320.2,1100,cellpose,0.688,825
442.9,436.0,1.1589,0.007,282,977.8,100.5,142.2,1.5501,0.433,0.4722,0.4776,IMG_5783.jpg,131.4,288413,0.943,319.9,1100,cellpose,0.688,825
505.2,501.0,1.2485,0.005,203,703.9,98.5,151.7,1.4012,0.3556,0.5637,0.5751,IMG_5784.jpg,112.7,288413,0.95,319.9,1100,cellpose,0.688,825
451.8,444.0,1.1711,0.0,257,885.4,99.4,146.6,1.5058,0.4,0.484,0.4876,IMG_5785.jpg,123.2,290273,0.943,320.9,1100,cellpose,0.688,825
465.9,452.0,1.2062,0.0,230,792.4,97.1,152.4,1.4363,0.3691,0.5304,0.5508,IMG_5786.jpg,122.4,290273,0.942,320.2,1100,cellpose,0.688,825
488.2,471.0,1.254,0.0,233,802.7,97.0,153.2,1.483,0.3918,0.5792,0.5957,IMG_5787.jpg,120.5,290273,0.948,320.5,1100,cellpose,0.688,825
467.5,463.0,1.152,0.0,147,506.4,98.3,152.3,1.2804,0.2368,0.4685,0.4812,IMG_5788.jpg,105.4,290273,0.967,321.0,1100,cellpose,0.688,825
440.6,432.0,1.1936,0.0,185,637.3,100.2,152.6,1.3484,0.2808,0.5153,0.5284,IMG_5789.jpg,118.7,290273,0.959,320.3,1100,cellpose,0.688,825
408.5,393.5,1.2966,0.052,154,530.5,112.2,132.8,1.2948,0.2167,0.5787,0.5776,IMG_5790.jpg,100.0,290273,0.972,320.9,1100,cellpose,0.688,825
438.0,422.0,1.315,0.036,139,475.7,110.2,134.3,1.2225,0.2083,0.5864,0.5769,IMG_5791.jpg,98.2,292201,0.969,321.2,1100,cellpose,0.688,825
391.1,356.0,1.3274,0.048,165,568.4,112.5,129.5,1.2998,0.2223,0.5999,0.6035,IMG_5792.jpg,102.3,290273,0.973,320.4,1100,cellpose,0.688,825
409.7,378.5,1.2526,0.0,190,654.6,110.5,129.9,1.3647,0.2682,0.5449,0.5393,IMG_5793.jpg,117.2,290273,0.972,320.6,1100,cellpose,0.688,825
341.8,320.5,1.4185,0.034,116,397.0,119.0,126.5,1.2594,0.1357,0.6515,0.6868,IMG_5794.jpg,103.9,292201,0.971,321.1,1100,cellpose,0.688,825
417.0,420.0,1.2018,0.025,197,678.7,109.2,131.2,1.4287,0.283,0.5058,0.4931,IMG_5795.jpg,118.2,290273,0.966,320.6,1100,cellpose,0.688,825
423.6,410.0,1.2711,0.025,159,547.8,110.2,129.7,1.2531,0.232,0.5598,0.5682,IMG_5796.jpg,109.8,290273,0.967,320.7,1100,cellpose,0.688,825
421.5,395.0,1.296,0.078,129,444.4,110.5,128.6,1.2943,0.1873,0.5769,0.5832,IMG_5797.jpg,101.9,290273,0.971,320.7,1100,cellpose,0.688,825
448.7,436.0,1.2192,0.004,227,776.9,111.9,141.8,1.4637,0.3486,0.5419,0.5516,IMG_5830.jpg,130.6,292201,0.965,321.4,1100,cellpose,0.688,825
390.4,396.0,1.288,0.0,143,489.4,120.6,126.1,1.2582,0.1911,0.5708,0.5615,IMG_5831.jpg,91.7,292201,0.976,321.4,1100,cellpose,0.688,825
421.8,426.0,1.2332,0.024,124,424.4,118.7,127.3,1.2074,0.179,0.5177,0.5037,IMG_5832.jpg,93.7,292201,0.98,321.4,1100,cellpose,0.688,825
447.3,444.0,1.2036,0.0,185,633.1,108.9,147.4,1.4394,0.2832,0.5175,0.5219,IMG_5833.jpg,110.9,292201,0.969,321.1,1100,cellpose,0.688,825
405.5,387.0,1.2805,0.013,151,516.8,113.4,132.1,1.2945,0.2096,0.5655,0.5753,IMG_5834.jpg,95.0,292201,0.971,321.6,1100,cellpose,0.688,825
435.4,430.0,1.1393,0.006,159,544.1,110.1,136.7,1.3806,0.2369,0.45,0.4429,IMG_5835.jpg,102.8,292201,0.976,322.0,1100,cellpose,0.688,825
422.1,420.0,1.1446,0.0,193,660.5,109.2,137.8,1.4107,0.2788,0.4615,0.4734,IMG_5836.jpg,104.4,292201,0.975,321.3,1100,cellpose,0.688,825
439.8,426.0,1.1344,0.0,167,575.3,108.6,141.7,1.3853,0.253,0.4432,0.4282,IMG_5837.jpg,101.9,290273,0.975,320.7,1100,cellpose,0.688,825
383.5,340.0,1.3769,0.048,167,571.5,117.0,128.5,1.1357,0.2192,0.617,0.6521,IMG_5838.jpg,84.7,292201,0.977,321.5,1100,cellpose,0.688,825
409.1,381.0,1.1903,0.023,129,465.6,119.8,126.2,1.1855,0.1905,0.495,0.5,IMG_5839.jpg,114.0,277085,0.977,313.5,1100,cellpose,0.688,825
487.9,480.0,1.2691,0.0,150,516.8,110.8,147.3,1.3521,0.2521,0.5955,0.609,IMG_5840.jpg,111.8,290273,0.965,320.1,1100,cellpose,0.688,825
428.2,415.5,1.13,0.0,152,513.5,116.4,130.4,1.3177,0.2199,0.4332,0.4327,IMG_5841.jpg,113.9,296025,0.976,323.8,1100,cellpose,0.688,825
384.8,355.0,1.3978,0.094,127,429.0,128.6,118.1,1.2374,0.1651,0.6458,0.664,IMG_5842.jpg,96.4,296025,0.974,324.1,1100,cellpose,0.688,825
399.5,374.0,1.3772,0.031,129,435.8,127.7,117.2,1.101,0.1741,0.6234,0.6573,IMG_5843.jpg,117.8,296025,0.976,323.6,1100,cellpose,0.688,825
449.3,446.5,1.1762,0.0,122,414.8,119.1,131.6,1.2198,0.1863,0.4987,0.5062,IMG_5844.jpg,115.3,294137,0.978,323.1,1100,cellpose,0.688,825
430.5,416.0,1.1824,0.0,135,456.0,118.2,132.1,1.2113,0.1963,0.5069,0.5144,IMG_5845.jpg,124.3,296025,0.971,323.5,1100,cellpose,0.688,825
421.1,422.0,1.1912,0.007,153,516.8,118.0,133.1,1.2614,0.2176,0.5082,0.5126,IMG_5846.jpg,114.4,296025,0.971,323.6,1100,cellpose,0.688,825
496.2,492.0,1.2642,0.007,135,459.0,111.7,142.6,1.3249,0.2277,0.574,0.5668,IMG_5847.jpg,110.7,294137,0.964,323.1,1100,cellpose,0.688,825
469.4,465.0,1.1643,0.0,65,221.0,121.0,133.8,1.1238,0.1037,0.4941,0.516,IMG_5848.jpg,107.2,294137,0.985,322.7,1100,cellpose,0.688,825
443.4,461.0,1.2397,0.0,139,469.6,123.5,115.0,1.2761,0.2082,0.5145,0.5062,IMG_5849.jpg,98.7,296025,0.975,323.6,1100,cellpose,0.688,825
433.3,421.5,1.1994,0.014,144,486.4,123.4,115.8,1.2611,0.2108,0.4837,0.4478,IMG_5850.jpg,104.8,296025,0.974,323.9,1100,cellpose,0.688,825
403.1,366.0,1.4475,0.057,157,530.4,127.9,115.9,1.23,0.2138,0.6611,0.7289,IMG_5851.jpg,100.6,296025,0.972,324.0,1100,cellpose,0.688,825
397.4,367.0,1.4769,0.104,173,584.4,127.5,115.7,1.1583,0.2323,0.6805,0.7205,IMG_5852.jpg,110.1,296025,0.974,323.9,1100,cellpose,0.688,825
431.7,421.0,1.1625,0.0,159,537.1,119.8,119.4,1.3801,0.2319,0.4612,0.458,IMG_5853.jpg,106.5,296025,0.974,324.0,1100,cellpose,0.688,825
411.3,408.5,1.1437,0.0,170,574.3,119.5,121.6,1.395,0.2362,0.4547,0.44,IMG_5854.jpg,102.0,296025,0.98,323.2,1100,cellpose,0.688,825
